350,3.984196e-01,-3.297629e-01,1.710242e-01,-9.295044e-02,2.047125e-03,-4.535420e-03,0.000000e+00,2.943892e-03,1.330117e-03,3.385619e-03,4.101724e-03,-7.374177e-04,0.000000e+00,
351,4.004666e-01,-3.314938e-01,1.719004e-01,-9.341271e-02,2.094864e-03,-4.640142e-03,0.000000e+00,3.034191e-03,1.316919e-03,3.406583e-03,4.120000e-03,-7.410557e-04,0.000000e+00,
352,4.025095e-01,-3.332359e-01,1.728003e-01,-9.389032e-02,2.137109e-03,-4.727407e-03,0.000000e+00,3.106421e-03,1.310064e-03,3.426531e-03,4.139975e-03,-7.447328e-04,0.000000e+00,
353,4.045473e-01,-3.349813e-01,1.737120e-01,-9.437386e-02,2.169020e-03,-4.792767e-03,0.000000e+00,3.159404e-03,1.307687e-03,3.446175e-03,4.160835e-03,-7.484488e-04,0.000000e+00,
354,4.065765e-01,-3.367184e-01,1.746254e-01,-9.485746e-02,2.192634e-03,-4.840112e-03,0.000000e+00,3.196407e-03,1.308984e-03,3.465344e-03,4.182279e-03,-7.522556e-04,0.000000e+00,
355,4.085973e-01,-3.384459e-01,1.755375e-01,-9.533877e-02,2.209205e-03,-4.872970e-03,0.000000e+00,3.220882e-03,1.312929e-03,3.484167e-03,4.204076e-03,-7.561623e-04,0.000000e+00,
356,4.106086e-01,-3.401602e-01,1.764450e-01,-9.581563e-02,2.222438e-03,-4.899142e-03,0.000000e+00,3.239924e-03,1.317581e-03,3.502895e-03,4.225798e-03,-7.601599e-04,0.000000e+00,
357,4.126090e-01,-3.418577e-01,1.773445e-01,-9.628585e-02,2.235965e-03,-4.926273e-03,0.000000e+00,3.260482e-03,1.321046e-03,3.521763e-03,4.247060e-03,-7.642581e-04,0.000000e+00,
358,4.145979e-01,-3.435357e-01,1.782330e-01,-9.674742e-02,2.249226e-03,-4.953446e-03,0.000000e+00,3.281672e-03,1.323654e-03,3.540562e-03,4.267932e-03,-7.684783e-04,0.000000e+00,
359,4.165746e-01,-3.451922e-01,1.791087e-01,-9.719914e-02,2.265914e-03,-4.988391e-03,0.000000e+00,3.310585e-03,1.323355e-03,3.559693e-03,4.287932e-03,-7.728125e-04,0.000000e+00,
360,4.185369e-01,-3.468215e-01,1.799668e-01,-9.763795e-02,2.285471e-03,-5.030233e-03,0.000000e+00,3.346383e-03,1.320417e-03,3.578933e-03,4.307016e-03,-7.772724e-04,0.000000e+00,
361,4.204839e-01,-3.484206e-01,1.808038e-01,-9.806157e-02,2.307366e-03,-5.078119e-03,0.000000e+00,3.388247e-03,1.315142e-03,3.598072e-03,4.325270e-03,-7.818994e-04,0.000000e+00,
362,4.224155e-01,-3.499897e-01,1.816208e-01,-9.847113e-02,2.331816e-03,-5.132016e-03,0.000000e+00,3.436049e-03,1.307619e-03,3.617098e-03,4.342741e-03,-7.866864e-04,0.000000e+00,
363,4.243337e-01,-3.515377e-01,1.824278e-01,-9.887307e-02,2.359676e-03,-5.192738e-03,0.000000e+00,3.490385e-03,1.297862e-03,3.636160e-03,4.359667e-03,-7.915736e-04,0.000000e+00,
364,4.262398e-01,-3.530708e-01,1.832329e-01,-9.927307e-02,2.391662e-03,-5.260826e-03,0.000000e+00,3.551533e-03,1.286073e-03,3.655242e-03,4.376373e-03,-7.965170e-04,0.000000e+00,
365,4.281338e-01,-3.545910e-01,1.840396e-01,-9.967392e-02,2.428311e-03,-5.336675e-03,0.000000e+00,3.619726e-03,1.272275e-03,3.674375e-03,4.392990e-03,-8.015155e-04,0.000000e+00,
366,4.300148e-01,-3.560984e-01,1.848503e-01,-1.000778e-01,2.470156e-03,-5.420707e-03,0.000000e+00,3.695228e-03,1.256453e-03,3.693576e-03,4.409570e-03,-8.065558e-04,0.000000e+00,
367,4.318787e-01,-3.575821e-01,1.856566e-01,-1.004800e-01,2.516721e-03,-5.512185e-03,0.000000e+00,3.777321e-03,1.238774e-03,3.712578e-03,4.425976e-03,-8.116787e-04,0.000000e+00,
368,4.337203e-01,-3.590299e-01,1.864493e-01,-1.008754e-01,2.567613e-03,-5.610588e-03,0.000000e+00,3.865540e-03,1.219209e-03,3.731212e-03,4.441949e-03,-8.169343e-04,0.000000e+00,
369,4.355338e-01,-3.604283e-01,1.872184e-01,-1.012587e-01,2.622464e-03,-5.715451e-03,0.000000e+00,3.959472e-03,1.197695e-03,3.749300e-03,4.457173e-03,-8.223614e-04,0.000000e+00,
370,4.373109e-01,-3.617588e-01,1.879511e-01,-1.016225e-01,2.679345e-03,-5.823614e-03,0.000000e+00,4.056388e-03,1.174684e-03,3.766523e-03,4.471301e-03,-8.280092e-04,0.000000e+00,
371,4.390422e-01,-3.630030e-01,1.886364e-01,-1.019613e-01,2.736863e-03,-5.932415e-03,0.000000e+00,4.153912e-03,1.150583e-03,3.782578e-03,4.484040e-03,-8.339160e-04,0.000000e+00,
372,4.407171e-01,-3.641408e-01,1.892623e-01,-1.022686e-01,2.793363e-03,-6.039128e-03,0.000000e+00,4.249678e-03,1.125750e-03,3.797152e-03,4.495015e-03,-8.401114e-04,0.000000e+00,
373,4.423215e-01,-3.651448e-01,1.898123e-01,-1.025354e-01,2.845082e-03,-6.136590e-03,0.000000e+00,4.337058e-03,1.101735e-03,3.809620e-03,4.503900e-03,-8.466589e-04,0.000000e+00,
374,4.438375e-01,-3.659812e-01,1.902661e-01,-1.027512e-01,2.892863e-03,-6.226947e-03,0.000000e+00,4.418030e-03,1.077608e-03,3.819676e-03,4.509902e-03,-8.536308e-04,0.000000e+00,
375,4.452450e-01,-3.666106e-01,1.906000e-01,-1.029035e-01,2.934677e-03,-6.305956e-03,0.000000e+00,4.488429e-03,1.054190e-03,3.826656e-03,4.512337e-03,-8.611033e-04,0.000000e+00,
376,4.465184e-01,-3.669826e-01,1.907823e-01,-1.029752e-01,2.970309e-03,-6.373714e-03,0.000000e+00,4.548104e-03,1.031066e-03,3.829927e-03,4.510110e-03,-8.691948e-04,0.000000e+00,
377,4.476282e-01,-3.670413e-01,1.907798e-01,-1.029490e-01,3.000063e-03,-6.430882e-03,0.000000e+00,4.597336e-03,1.007646e-03,3.828876e-03,4.501926e-03,-8.780148e-04,0.000000e+00,
378,4.485423e-01,-3.667248e-01,1.905557e-01,-1.028056e-01,3.026111e-03,-6.482347e-03,0.000000e+00,4.640491e-03,9.820411e-04,3.823041e-03,4.486158e-03,-8.876708e-04,0.000000e+00,
379,4.492238e-01,-3.659637e-01,1.900682e-01,-1.025224e-01,3.044717e-03,-6.521520e-03,0.000000e+00,4.671448e-03,9.551468e-04,3.811394e-03,4.461450e-03,-8.983067e-04,0.000000e+00,
380,4.496311e-01,-3.646809e-01,1.892735e-01,-1.020766e-01,3.056999e-03,-6.551436e-03,0.000000e+00,4.692938e-03,9.253340e-04,3.793230e-03,4.425977e-03,-9.100545e-04,0.000000e+00,
381,4.497195e-01,-3.627932e-01,1.881233e-01,-1.014426e-01,3.061443e-03,-6.569992e-03,0.000000e+00,4.703035e-03,8.921702e-04,3.767511e-03,4.378055e-03,-9.230760e-04,0.000000e+00,
382,4.494412e-01,-3.602112e-01,1.865656e-01,-1.005929e-01,3.056465e-03,-6.574974e-03,0.000000e+00,4.699682e-03,8.552411e-04,3.733046e-03,4.316040e-03,-9.375688e-04,0.000000e+00,
383,4.487447e-01,-3.568392e-01,1.845444e-01,-9.949785e-02,3.038781e-03,-6.560579e-03,0.000000e+00,4.677350e-03,8.151289e-04,3.688384e-03,4.238250e-03,-9.537435e-04,0.000000e+00,
384,4.475760e-01,-3.525763e-01,1.820008e-01,-9.812632e-02,3.005238e-03,-6.521287e-03,0.000000e+00,4.630756e-03,7.722933e-04,3.632024e-03,4.142885e-03,-9.718210e-04,0.000000e+00,
385,4.458800e-01,-3.473200e-01,1.788753e-01,-9.644672e-02,2.952657e-03,-6.451650e-03,0.000000e+00,4.554692e-03,7.271601e-04,3.562450e-03,4.028139e-03,-9.920335e-04,0.000000e+00,
386,4.435955e-01,-3.409580e-01,1.751034e-01,-9.442507e-02,2.878039e-03,-6.346525e-03,0.000000e+00,4.444176e-03,6.800165e-04,3.478048e-03,3.891912e-03,-1.014605e-03,0.000000e+00,
387,4.406609e-01,-3.333754e-01,1.706184e-01,-9.202574e-02,2.777169e-03,-6.198750e-03,0.000000e+00,4.292509e-03,6.315325e-04,3.377113e-03,3.732090e-03,-1.039769e-03,0.000000e+00,
388,4.370132e-01,-3.244594e-01,1.653583e-01,-8.921688e-02,2.650132e-03,-6.009412e-03,0.000000e+00,4.100563e-03,5.803099e-04,3.258317e-03,3.546465e-03,-1.067746e-03,0.000000e+00,
389,4.325891e-01,-3.140956e-01,1.592604e-01,-8.596594e-02,2.498299e-03,-5.782132e-03,0.000000e+00,3.871567e-03,5.241970e-04,3.120482e-03,3.332643e-03,-1.098745e-03,0.000000e+00,
390,4.273285e-01,-3.021741e-01,1.522622e-01,-8.224007e-02,2.320720e-03,-5.515928e-03,0.000000e+00,3.604333e-03,4.624915e-04,2.962134e-03,3.088601e-03,-1.133003e-03,0.000000e+00,
391,4.211789e-01,-2.886032e-01,1.443157e-01,-7.801485e-02,2.118709e-03,-5.213921e-03,0.000000e+00,3.301539e-03,3.935275e-04,2.782330e-03,2.812488e-03,-1.170692e-03,0.000000e+00,
392,4.140928e-01,-2.733022e-01,1.353807e-01,-7.327023e-02,1.894800e-03,-4.881257e-03,0.000000e+00,2.967598e-03,3.153445e-04,2.580320e-03,2.502646e-03,-1.211952e-03,0.000000e+00,
393,4.060310e-01,-2.562032e-01,1.254211e-01,-6.798709e-02,1.649075e-03,-4.518671e-03,0.000000e+00,2.603098e-03,2.270048e-04,2.355403e-03,2.157642e-03,-1.256900e-03,0.000000e+00,
394,3.969657e-01,-2.372645e-01,1.144201e-01,-6.215721e-02,1.381875e-03,-4.126830e-03,0.000000e+00,2.208395e-03,1.281107e-04,2.107113e-03,1.776757e-03,-1.305593e-03,0.000000e+00,
395,3.868763e-01,-2.164611e-01,1.023730e-01,-5.577862e-02,1.097559e-03,-3.714930e-03,0.000000e+00,1.792060e-03,1.587455e-05,1.835742e-03,1.359132e-03,-1.358007e-03,0.000000e+00,
396,3.757514e-01,-1.937847e-01,8.928333e-02,-4.885265e-02,7.958280e-04,-3.282907e-03,0.000000e+00,1.353997e-03,-1.097254e-04,1.541244e-03,9.046888e-04,-1.414113e-03,0.000000e+00,
397,3.635875e-01,-1.692474e-01,7.517055e-02,-4.138966e-02,4.772468e-04,-2.832107e-03,0.000000e+00,8.954850e-04,-2.489265e-04,1.223941e-03,4.137810e-04,-1.473812e-03,0.000000e+00,
398,3.503896e-01,-1.428841e-01,6.007361e-02,-3.341103e-02,1.431697e-04,-2.364897e-03,0.000000e+00,4.186712e-04,-4.018774e-04,8.844669e-04,-1.126733e-04,-1.536919e-03,0.000000e+00,
399,3.361683e-01,-1.147433e-01,4.404079e-02,-2.494292e-02,-2.050524e-04,-1.883548e-03,0.000000e+00,-7.439973e-05,-5.684782e-04,5.235493e-04,-6.733684e-04,-1.603224e-03,0.000000e+00,
400,3.209434e-01,-8.489761e-02,2.714026e-02,-1.602268e-02,-5.672459e-04,-1.387174e-03,0.000000e+00,-5.847086e-04,-7.474208e-04,1.420826e-04,-1.266287e-03,-1.672431e-03,0.000000e+00,
401,3.047431e-01,-5.344313e-02,9.459355e-03,-6.698265e-03,-9.391611e-04,-8.827228e-04,0.000000e+00,-1.106008e-03,-9.391785e-04,-2.583841e-04,-1.889113e-03,-1.744164e-03,0.000000e+00,
402,2.876064e-01,-2.050319e-02,-8.893982e-03,2.971489e-03,-1.317368e-03,-3.753195e-04,0.000000e+00,-1.633746e-03,-1.143339e-03,-6.760955e-04,-2.538791e-03,-1.817965e-03,0.000000e+00,
403,2.695804e-01,1.377984e-02,-2.779818e-02,1.292073e-02,-1.699709e-03,1.327733e-04,0.000000e+00,-2.166126e-03,-1.358379e-03,-1.109274e-03,-3.211633e-03,-1.893335e-03,0.000000e+00,
404,2.507248e-01,4.922958e-02,-4.710439e-02,2.306857e-02,-2.083115e-03,6.380342e-04,0.000000e+00,-2.700215e-03,-1.582690e-03,-1.555626e-03,-3.903185e-03,-1.969661e-03,0.000000e+00,
405,2.311107e-01,8.564166e-02,-6.664248e-02,3.332270e-02,-2.462523e-03,1.133257e-03,0.000000e+00,-3.229773e-03,-1.815127e-03,-2.012446e-03,-4.608364e-03,-2.046257e-03,0.000000e+00,
406,2.108244e-01,1.227733e-01,-8.621294e-02,4.357487e-02,-2.832942e-03,1.611895e-03,0.000000e+00,-3.749122e-03,-2.053931e-03,-2.476582e-03,-5.321137e-03,-2.122311e-03,0.000000e+00,
407,1.899667e-01,1.603455e-01,-1.055883e-01,5.370157e-02,-3.187710e-03,2.064763e-03,0.000000e+00,-4.250274e-03,-2.297496e-03,-2.944306e-03,-6.034759e-03,-2.196892e-03,0.000000e+00,
408,1.686589e-01,1.980281e-01,-1.245024e-01,6.355864e-02,-3.518035e-03,2.478635e-03,0.000000e+00,-4.721399e-03,-2.544698e-03,-3.411090e-03,-6.741403e-03,-2.268912e-03,0.000000e+00,
409,1.470389e-01,2.354514e-01,-1.426604e-01,7.298691e-02,-3.816561e-03,2.843453e-03,0.000000e+00,-5.153485e-03,-2.793210e-03,-3.872063e-03,-7.432140e-03,-2.337178e-03,0.000000e+00,
410,1.252625e-01,2.722018e-01,-1.597348e-01,8.180952e-02,-4.077024e-03,3.152076e-03,0.000000e+00,-5.540296e-03,-3.039300e-03,-4.322005e-03,-8.096840e-03,-2.400372e-03,0.000000e+00,
411,1.034967e-01,3.078418e-01,-1.753815e-01,8.984079e-02,-4.290993e-03,3.393102e-03,0.000000e+00,-5.871580e-03,-3.280175e-03,-4.755122e-03,-8.725143e-03,-2.457084e-03,0.000000e+00,
412,8.191815e-02,3.419153e-01,-1.892474e-01,9.689127e-02,-4.450537e-03,3.555898e-03,0.000000e+00,-6.137704e-03,-3.512677e-03,-5.165500e-03,-9.306214e-03,-2.505898e-03,0.000000e+00,
413,6.070712e-02,3.739640e-01,-2.009810e-01,1.027728e-01,-4.546490e-03,3.627315e-03,0.000000e+00,-6.326730e-03,-3.734263e-03,-5.547106e-03,-9.829329e-03,-2.545405e-03,0.000000e+00,
414,4.004891e-02,4.035263e-01,-2.102350e-01,1.073002e-01,-4.568600e-03,3.591661e-03,0.000000e+00,-6.424340e-03,-3.943042e-03,-5.893765e-03,-1.028402e-02,-2.574207e-03,0.000000e+00,
415,2.012764e-02,4.301564e-01,-2.166834e-01,1.103019e-01,-4.508671e-03,3.436458e-03,0.000000e+00,-6.418906e-03,-4.136826e-03,-6.199575e-03,-1.066037e-02,-2.590996e-03,0.000000e+00,
416,1.125640e-03,4.534254e-01,-2.200221e-01,1.116198e-01,-4.362188e-03,3.155635e-03,0.000000e+00,-6.304556e-03,-4.312075e-03,-6.459210e-03,-1.094872e-02,-2.594592e-03,0.000000e+00,
417,-1.678118e-02,4.729318e-01,-2.199762e-01,1.111133e-01,-4.126054e-03,2.744843e-03,0.000000e+00,-6.076739e-03,-4.465420e-03,-6.667740e-03,-1.114024e-02,-2.583930e-03,0.000000e+00,
418,-3.342716e-02,4.883130e-01,-2.163102e-01,1.086649e-01,-3.801272e-03,2.206621e-03,0.000000e+00,-5.737065e-03,-4.592360e-03,-6.821035e-03,-1.122701e-02,-2.558118e-03,0.000000e+00,
419,-4.866652e-02,4.992673e-01,-2.088434e-01,1.041889e-01,-3.389775e-03,1.543428e-03,0.000000e+00,-5.286621e-03,-4.689621e-03,-6.915614e-03,-1.120292e-02,-2.516488e-03,0.000000e+00,
420,-6.237459e-02,5.055559e-01,-1.974507e-01,9.763065e-02,-2.895137e-03,7.592496e-04,0.000000e+00,-4.727647e-03,-4.754544e-03,-6.948804e-03,-1.106351e-02,-2.458595e-03,0.000000e+00,
421,-7.445214e-02,5.070150e-01,-1.820717e-01,8.897261e-02,-2.321583e-03,-1.425747e-04,0.000000e+00,-4.061444e-03,-4.785875e-03,-6.918787e-03,-1.080642e-02,-2.384261e-03,0.000000e+00,
422,-8.482556e-02,5.035570e-01,-1.627137e-01,7.823511e-02,-1.676419e-03,-1.154300e-03,0.000000e+00,-3.293202e-03,-4.782350e-03,-6.824839e-03,-1.043126e-02,-2.293584e-03,0.000000e+00,
423,-9.344625e-02,4.951716e-01,-1.394532e-01,6.547848e-02,-9.684238e-04,-2.267457e-03,0.000000e+00,-2.428416e-03,-4.743865e-03,-6.667145e-03,-9.939827e-03,-2.186946e-03,0.000000e+00,
424,-1.002910e-01,4.819280e-01,-1.124405e-01,5.080573e-02,-2.124247e-04,-3.463787e-03,0.000000e+00,-1.481350e-03,-4.669000e-03,-6.447312e-03,-9.335831e-03,-2.065041e-03,0.000000e+00,
425,-1.053598e-01,4.639652e-01,-8.188833e-02,3.435581e-02,5.753158e-04,-4.723973e-03,0.000000e+00,-4.670368e-04,-4.557136e-03,-6.167839e-03,-8.624902e-03,-1.928820e-03,0.000000e+00,
426,-1.086735e-01,4.414797e-01,-4.805771e-02,1.629479e-02,1.375018e-03,-6.022622e-03,0.000000e+00,5.940016e-04,-4.406990e-03,-5.832127e-03,-7.814017e-03,-1.779424e-03,0.000000e+00,
427,-1.102758e-01,4.147294e-01,-1.126050e-02,-3.182819e-03,2.166456e-03,-7.334649e-03,0.000000e+00,1.681606e-03,-4.218202e-03,-5.444314e-03,-6.911768e-03,-1.618204e-03,0.000000e+00,
428,-1.102326e-01,3.840287e-01,2.814784e-02,-2.385875e-02,2.928161e-03,-8.633322e-03,0.000000e+00,2.774154e-03,-3.990744e-03,-5.009274e-03,-5.928085e-03,-1.446688e-03,0.000000e+00,
429,-1.086275e-01,3.497306e-01,6.978759e-02,-4.550338e-02,3.641249e-03,-9.896460e-03,0.000000e+00,3.853917e-03,-3.725990e-03,-4.532181e-03,-4.873842e-03,-1.266491e-03,0.000000e+00,
430,-1.055655e-01,3.122407e-01,1.132392e-01,-6.786578e-02,4.284519e-03,-1.109783e-02,0.000000e+00,4.899495e-03,-3.424999e-03,-4.018989e-03,-3.761048e-03,-1.079390e-03,0.000000e+00,
431,-1.011740e-01,2.720280e-01,1.580297e-01,-9.066523e-02,4.834768e-03,-1.220812e-02,0.000000e+00,5.886514e-03,-3.088661e-03,-3.476680e-03,-2.603172e-03,-8.873938e-04,0.000000e+00,
432,-9.559572e-02,2.295971e-01,2.036619e-01,-1.136091e-01,5.268810e-03,-1.319791e-02,0.000000e+00,6.790426e-03,-2.718217e-03,-2.912654e-03,-1.414472e-03,-6.925986e-04,0.000000e+00,
433,-8.898649e-02,1.854836e-01,2.496171e-01,-1.363939e-01,5.563452e-03,-1.403752e-02,0.000000e+00,7.586305e-03,-2.315120e-03,-2.334744e-03,-2.097851e-04,-4.971986e-04,0.000000e+00,
434,-8.151757e-02,1.402633e-01,2.953450e-01,-1.586995e-01,5.694812e-03,-1.469620e-02,0.000000e+00,8.248280e-03,-1.881073e-03,-1.751309e-03,9.950918e-04,-3.035142e-04,0.000000e+00,
435,-7.337373e-02,9.454720e-02,3.402690e-01,-1.801925e-01,5.638243e-03,-1.514158e-02,0.000000e+00,8.748951e-03,-1.417849e-03,-1.171133e-03,2.183534e-03,-1.139596e-04,0.000000e+00,
436,-6.474533e-02,4.895521e-02,3.838110e-01,-2.005403e-01,5.371377e-03,-1.534502e-02,0.000000e+00,9.064267e-03,-9.281953e-04,-6.029435e-04,3.338730e-03,6.904439e-05,0.000000e+00,
437,-5.582111e-02,4.096343e-03,4.254072e-01,-2.194201e-01,4.873427e-03,-1.527980e-02,0.000000e+00,9.171710e-03,-4.150146e-04,-5.525743e-05,4.444254e-03,2.431408e-04,0.000000e+00,
438,-4.678338e-02,-3.944757e-02,4.645243e-01,-2.365286e-01,4.125867e-03,-1.492190e-02,0.000000e+00,9.051055e-03,1.185428e-04,4.639546e-04,5.484393e-03,4.061284e-04,0.000000e+00,
439,-3.779784e-02,-8.115250e-02,5.006863e-01,-2.515968e-01,3.113513e-03,-1.425132e-02,0.000000e+00,8.685276e-03,6.695262e-04,9.475202e-04,6.445132e-03,5.560371e-04,0.000000e+00,
440,-2.900453e-02,-1.205803e-01,5.334998e-01,-2.644046e-01,1.828822e-03,-1.325974e-02,0.000000e+00,8.067321e-03,1.233780e-03,1.389686e-03,7.314699e-03,6.912342e-04,0.000000e+00,
441,-2.051843e-02,-1.573760e-01,5.626508e-01,-2.747790e-01,2.678969e-04,-1.194280e-02,0.000000e+00,7.193414e-03,1.807436e-03,1.785966e-03,8.083578e-03,8.104342e-04,0.000000e+00,
442,-1.243712e-02,-1.912426e-01,5.878817e-01,-2.825808e-01,-1.570458e-03,-1.029841e-02,0.000000e+00,6.061276e-03,2.387307e-03,2.132599e-03,8.743985e-03,9.125836e-04,0.000000e+00,
443,-4.840896e-03,-2.219401e-01,6.089887e-01,-2.877031e-01,-3.683574e-03,-8.329291e-03,0.000000e+00,4.672425e-03,2.970249e-03,2.426617e-03,9.289729e-03,9.968463e-04,0.000000e+00,
444,2.204720e-03,-2.492775e-01,6.258158e-01,-2.900679e-01,-6.066735e-03,-6.039670e-03,0.000000e+00,3.029508e-03,3.553520e-03,2.665762e-03,9.716010e-03,1.062603e-03,0.000000e+00,
445,8.646233e-03,-2.731048e-01,6.382475e-01,-2.896217e-01,-8.713885e-03,-3.434020e-03,0.000000e+00,1.135033e-03,4.135128e-03,2.848274e-03,1.001932e-02,1.109396e-03,0.000000e+00,
446,1.444274e-02,-2.933154e-01,6.462111e-01,-2.863375e-01,-1.161484e-02,-5.223265e-04,0.000000e+00,-1.003990e-03,4.712738e-03,2.973063e-03,1.019735e-02,1.136957e-03,0.000000e+00,
447,1.956791e-02,-3.098536e-01,6.496855e-01,-2.802201e-01,-1.475635e-02,2.682112e-03,0.000000e+00,-3.377828e-03,5.284049e-03,3.039838e-03,1.024928e-02,1.145230e-03,0.000000e+00,
448,2.400576e-02,-3.227032e-01,6.486923e-01,-2.713018e-01,-1.812124e-02,6.161768e-03,0.000000e+00,-5.973466e-03,5.846671e-03,3.048937e-03,1.017551e-02,1.134340e-03,0.000000e+00,
449,2.775022e-02,-3.318882e-01,6.432979e-01,-2.596441e-01,-2.168629e-02,9.891018e-03,0.000000e+00,-8.771184e-03,6.397264e-03,3.001470e-03,9.977611e-03,1.104605e-03,0.000000e+00,
450,3.080241e-02,-3.374635e-01,6.336054e-01,-2.453339e-01,-2.542322e-02,1.383807e-02,0.000000e+00,-1.174636e-02,6.931975e-03,2.899099e-03,9.658171e-03,1.056503e-03,0.000000e+00,
451,3.317087e-02,-3.395189e-01,6.197597e-01,-2.284862e-01,-2.929970e-02,1.796739e-02,0.000000e+00,-1.487157e-02,7.446892e-03,2.744083e-03,9.220961e-03,9.906926e-04,0.000000e+00,
452,3.486790e-02,-3.381636e-01,6.019314e-01,-2.092345e-01,-3.328064e-02,2.224154e-02,0.000000e+00,-1.811829e-02,7.938431e-03,2.538935e-03,8.670553e-03,9.079577e-04,0.000000e+00,
453,3.591164e-02,-3.335324e-01,5.803201e-01,-1.877316e-01,-3.732775e-02,2.661926e-02,0.000000e+00,-2.145494e-02,8.402724e-03,2.286605e-03,8.012329e-03,8.091993e-04,0.000000e+00,
454,3.632396e-02,-3.257758e-01,5.551442e-01,-1.641428e-01,-4.140235e-02,3.106040e-02,0.000000e+00,-2.485126e-02,8.836605e-03,1.990187e-03,7.252321e-03,6.953986e-04,0.000000e+00,
455,3.613223e-02,-3.150705e-01,5.266540e-01,-1.386553e-01,-4.546294e-02,3.552258e-02,0.000000e+00,-2.827532e-02,9.236959e-03,1.653233e-03,6.397489e-03,5.676800e-04,0.000000e+00,
456,3.537005e-02,-3.016237e-01,4.951379e-01,-1.114830e-01,-4.946257e-02,3.995720e-02,0.000000e+00,-3.169045e-02,9.600269e-03,1.279815e-03,5.455864e-03,4.273321e-04,0.000000e+00,
457,3.407803e-02,-2.856769e-01,4.609273e-01,-8.286991e-02,-5.334678e-02,4.430578e-02,0.000000e+00,-3.505174e-02,9.921571e-03,8.748294e-04,4.436513e-03,2.758287e-04,0.000000e+00,
458,3.230399e-02,-2.675058e-01,4.243962e-01,-5.308948e-02,-5.705720e-02,4.850705e-02,0.000000e+00,-3.831257e-02,1.019627e-02,4.436834e-04,3.349792e-03,1.148383e-04,0.000000e+00,
459,3.010042e-02,-2.474097e-01,3.859481e-01,-2.243577e-02,-6.052897e-02,5.249017e-02,0.000000e+00,-4.141814e-02,1.041816e-02,-7.581478e-06,2.206673e-03,-5.383960e-05,0.000000e+00,
460,2.752140e-02,-2.256915e-01,3.459880e-01,8.797537e-03,-6.369822e-02,5.618503e-02,0.000000e+00,-4.431415e-02,1.058114e-02,-4.728925e-04,1.018179e-03,-2.284004e-04,0.000000e+00,
461,2.462026e-02,-2.026457e-01,3.049071e-01,4.032821e-02,-6.650321e-02,5.952253e-02,0.000000e+00,-4.694663e-02,1.067882e-02,-9.462850e-04,-2.051525e-04,-4.070947e-04,0.000000e+00,
462,2.144989e-02,-1.785616e-01,2.630871e-01,7.188203e-02,-6.888555e-02,6.243771e-02,0.000000e+00,-4.926486e-02,1.070542e-02,-1.421993e-03,-1.452962e-03,-5.882250e-04,0.000000e+00,
463,1.806173e-02,-1.537162e-01,2.208916e-01,1.031991e-01,-7.078892e-02,6.486611e-02,0.000000e+00,-5.121805e-02,1.065470e-02,-1.894397e-03,-2.715504e-03,-7.701767e-04,0.000000e+00,
464,1.450518e-02,-1.283773e-01,1.786710e-01,1.340294e-01,-7.216293e-02,6.675283e-02,0.000000e+00,-5.276370e-02,1.052239e-02,-2.358356e-03,-3.983135e-03,-9.513961e-04,0.000000e+00,
465,1.083088e-02,-1.028138e-01,1.367747e-01,1.641250e-01,-7.295966e-02,6.804642e-02,0.000000e+00,-5.386216e-02,1.030487e-02,-2.808823e-03,-5.246158e-03,-1.130338e-03,0.000000e+00,
466,7.087443e-03,-7.728336e-02,9.553582e-02,1.932508e-01,-7.313541e-02,6.870059e-02,0.000000e+00,-5.447787e-02,9.999214e-03,-3.241064e-03,-6.495252e-03,-1.305540e-03,0.000000e+00,
467,3.321538e-03,-5.203051e-02,5.526841e-02,2.211868e-01,-7.264990e-02,6.867171e-02,0.000000e+00,-5.457694e-02,9.602403e-03,-3.650499e-03,-7.721802e-03,-1.475599e-03,0.000000e+00,
468,-4.221333e-04,-2.728955e-02,1.627128e-02,2.477257e-01,-7.146751e-02,6.792082e-02,0.000000e+00,-5.412877e-02,9.111704e-03,-4.032736e-03,-8.917653e-03,-1.639180e-03,0.000000e+00,
469,-4.101060e-03,-3.279829e-03,-2.117934e-02,2.726789e-01,-6.955559e-02,6.640918e-02,0.000000e+00,-5.310185e-02,8.523467e-03,-4.383541e-03,-1.007536e-02,-1.795064e-03,0.000000e+00,
470,-7.676934e-03,1.980025e-02,-5.683469e-02,2.958785e-01,-6.688411e-02,6.409803e-02,0.000000e+00,-5.146374e-02,7.833088e-03,-4.698830e-03,-1.118855e-02,-1.942135e-03,0.000000e+00,
471,-1.111491e-02,4.177114e-02,-9.047156e-02,3.171758e-01,-6.342662e-02,6.095102e-02,0.000000e+00,-4.918335e-02,7.035712e-03,-4.974799e-03,-1.225164e-02,-2.079392e-03,0.000000e+00,
472,-1.438503e-02,6.247982e-02,-1.219021e-01,3.364479e-01,-5.916220e-02,5.693738e-02,0.000000e+00,-4.623384e-02,6.126988e-03,-5.208254e-03,-1.325991e-02,-2.206010e-03,0.000000e+00,
473,-1.746105e-02,8.179327e-02,-1.509650e-01,3.535920e-01,-5.407328e-02,5.202842e-02,0.000000e+00,-4.258952e-02,5.102360e-03,-5.396342e-03,-1.420944e-02,-2.321284e-03,0.000000e+00,
474,-2.031898e-02,9.959178e-02,-1.775185e-01,3.685204e-01,-4.814849e-02,4.620363e-02,0.000000e+00,-3.823141e-02,3.958523e-03,-5.536591e-03,-1.509681e-02,-2.424582e-03,0.000000e+00,
475,-2.293623e-02,1.157640e-01,-2.014330e-01,3.811555e-01,-4.138139e-02,3.944919e-02,0.000000e+00,-3.314591e-02,2.693259e-03,-5.626888e-03,-1.591873e-02,-2.515346e-03,0.000000e+00,
476,-2.528974e-02,1.302002e-01,-2.225850e-01,3.914270e-01,-3.377373e-02,3.176377e-02,0.000000e+00,-2.732999e-02,1.306829e-03,-5.665557e-03,-1.667173e-02,-2.593051e-03,0.000000e+00,
477,-2.735820e-02,1.427995e-01,-2.408640e-01,3.992750e-01,-2.533523e-02,2.315838e-02,0.000000e+00,-2.079092e-02,-1.983179e-04,-5.651378e-03,-1.735244e-02,-2.657231e-03,0.000000e+00,
478,-2.912524e-02,1.534876e-01,-2.561940e-01,4.046650e-01,-1.608557e-02,1.365850e-02,0.000000e+00,-1.354786e-02,-1.817488e-03,-5.583881e-03,-1.795816e-02,-2.707571e-03,0.000000e+00,
479,-3.058022e-02,1.622220e-01,-2.685415e-01,4.075926e-01,-6.054897e-03,3.304905e-03,0.000000e+00,-5.632964e-03,-3.543288e-03,-5.463598e-03,-1.848703e-02,-2.743953e-03,0.000000e+00,
480,-3.171972e-02,1.689997e-01,-2.779230e-01,4.080877e-01,4.719775e-03,-7.853969e-03,0.000000e+00,2.915990e-03,-5.367944e-03,-5.291750e-03,-1.893854e-02,-2.766473e-03,0.000000e+00,
481,-3.254905e-02,1.738584e-01,-2.844048e-01,4.062144e-01,1.619596e-02,-1.976421e-02,0.000000e+00,1.205740e-02,-7.283790e-03,-5.070159e-03,-1.931365e-02,-2.775441e-03,0.000000e+00,
482,-3.307996e-02,1.768716e-01,-2.880991e-01,4.020691e-01,2.832510e-02,-3.236639e-02,0.000000e+00,2.174595e-02,-9.283223e-03,-4.801219e-03,-1.961468e-02,-2.771367e-03,0.000000e+00,
483,-3.332801e-02,1.781331e-01,-2.891452e-01,3.957680e-01,4.105412e-02,-4.559646e-02,0.000000e+00,3.193298e-02,-1.135828e-02,-4.487748e-03,-1.984463e-02,-2.754882e-03,0.000000e+00,
484,-3.331023e-02,1.777455e-01,-2.876952e-01,3.874381e-01,5.432684e-02,-5.938844e-02,0.000000e+00,4.256911e-02,-1.350149e-02,-4.132588e-03,-2.000703e-02,-2.726670e-03,0.000000e+00,
485,-3.304447e-02,1.758162e-01,-2.839099e-01,3.772154e-01,6.807862e-02,-7.366377e-02,0.000000e+00,5.359447e-02,-1.570292e-02,-3.739061e-03,-2.010528e-02,-2.687460e-03,0.000000e+00,
486,-3.254716e-02,1.724490e-01,-2.779500e-01,3.652391e-01,8.223629e-02,-8.833106e-02,0.000000e+00,6.493845e-02,-1.795005e-02,-3.310891e-03,-2.014246e-02,-2.637989e-03,0.000000e+00,
487,-3.183424e-02,1.677468e-01,-2.699765e-01,3.516501e-01,9.672145e-02,-1.032904e-01,0.000000e+00,7.652327e-02,-2.022863e-02,-2.852054e-03,-2.012138e-02,-2.579001e-03,0.000000e+00,
488,-3.092178e-02,1.618135e-01,-2.601526e-01,3.365916e-01,1.114493e-01,-1.184302e-01,0.000000e+00,8.826118e-02,-2.252192e-02,-2.366935e-03,-2.004455e-02,-2.511250e-03,0.000000e+00,
489,-2.982658e-02,1.547605e-01,-2.486526e-01,3.202148e-01,1.263268e-01,-1.336247e-01,0.000000e+00,1.000517e-01,-2.481016e-02,-1.860511e-03,-1.991435e-02,-2.435538e-03,0.000000e+00,
490,-2.856710e-02,1.467063e-01,-2.356579e-01,3.026739e-01,1.412618e-01,-1.487484e-01,0.000000e+00,1.117952e-01,-2.707381e-02,-1.337832e-03,-1.973337e-02,-2.352702e-03,0.000000e+00,
491,-2.716636e-02,1.377937e-01,-2.213802e-01,2.841442e-01,1.561540e-01,-1.636634e-01,0.000000e+00,1.233807e-01,-2.929107e-02,-8.046913e-04,-1.950472e-02,-2.263711e-03,0.000000e+00,
492,-2.564827e-02,1.281737e-01,-2.060443e-01,2.648109e-01,1.708981e-01,-1.782244e-01,0.000000e+00,1.346917e-01,-3.143882e-02,-2.672664e-04,-1.923168e-02,-2.169598e-03,0.000000e+00,
493,-2.403954e-02,1.180109e-01,-1.898919e-01,2.448714e-01,1.853834e-01,-1.922781e-01,0.000000e+00,1.456051e-01,-3.349281e-02,2.679085e-04,-1.891787e-02,-2.071470e-03,0.000000e+00,
494,-2.236817e-02,1.074733e-01,-1.731682e-01,2.245257e-01,1.994988e-01,-2.056715e-01,0.000000e+00,1.559978e-01,-3.542886e-02,7.942460e-04,-1.856701e-02,-1.970452e-03,0.000000e+00,
495,-2.066094e-02,9.672592e-02,-1.561173e-01,2.039758e-01,2.131251e-01,-2.182387e-01,0.000000e+00,1.657364e-01,-3.722029e-02,1.304821e-03,-1.818246e-02,-1.867667e-03,0.000000e+00,
496,-1.894070e-02,8.591197e-02,-1.389535e-01,1.834010e-01,2.261513e-01,-2.298249e-01,0.000000e+00,1.746965e-01,-3.884221e-02,1.793361e-03,-1.776695e-02,-1.764100e-03,0.000000e+00,
497,-1.722894e-02,7.516322e-02,-1.218738e-01,1.629671e-01,2.384694e-01,-2.402781e-01,0.000000e+00,1.827560e-01,-4.027002e-02,2.253886e-03,-1.732274e-02,-1.660651e-03,0.000000e+00,
498,-1.554430e-02,6.459438e-02,-1.050502e-01,1.428205e-01,2.499806e-01,-2.494604e-01,0.000000e+00,1.898045e-01,-4.148153e-02,2.681039e-03,-1.685168e-02,-1.558114e-03,0.000000e+00,
499,-1.390276e-02,5.430440e-02,-8.863190e-02,1.230895e-01,2.605965e-01,-2.572490e-01,0.000000e+00,1.957444e-01,-4.245745e-02,3.070210e-03,-1.635535e-02,-1.457168e-03,0.000000e+00,
500,-1.231777e-02,4.437484e-02,-7.274165e-02,1.038810e-01,2.702397e-01,-2.635377e-01,0.000000e+00,2.004922e-01,-4.318137e-02,3.417540e-03,-1.583496e-02,-1.358375e-03,0.000000e+00,
501,-1.079935e-02,3.486956e-02,-5.747800e-02,8.528318e-02,2.788409e-01,-2.682309e-01,0.000000e+00,2.039727e-01,-4.363847e-02,3.719709e-03,-1.529122e-02,-1.262184e-03,0.000000e+00,
502,-9.354523e-03,2.583454e-02,-4.291346e-02,6.736311e-02,2.863439e-01,-2.712521e-01,0.000000e+00,2.061266e-01,-4.381727e-02,3.974214e-03,-1.472456e-02,-1.168925e-03,0.000000e+00,
503,-7.986929e-03,1.729931e-02,-2.909971e-02,5.017281e-02,2.926974e-01,-2.725317e-01,0.000000e+00,2.069000e-01,-4.370717e-02,4.178920e-03,-1.413489e-02,-1.078841e-03,0.000000e+00,
504,-6.698166e-03,9.281830e-03,-1.607222e-02,3.375142e-02,2.978576e-01,-2.720100e-01,0.000000e+00,2.062468e-01,-4.329891e-02,4.332086e-03,-1.352187e-02,-9.921009e-04,0.000000e+00,
505,-5.488209e-03,1.790827e-03,-3.853816e-03,1.812819e-02,3.017892e-01,-2.696413e-01,0.000000e+00,2.041327e-01,-4.258589e-02,4.432470e-03,-1.288508e-02,-9.088323e-04,0.000000e+00,
506,-4.357005e-03,-5.167572e-03,7.537492e-03,3.328259e-03,3.044657e-01,-2.653950e-01,0.000000e+00,2.005360e-01,-4.156454e-02,4.479342e-03,-1.222439e-02,-8.291399e-04,0.000000e+00,
507,-3.304249e-03,-1.158917e-02,1.808675e-02,-1.062593e-02,3.058674e-01,-2.592530e-01,0.000000e+00,1.954460e-01,-4.023405e-02,4.472508e-03,-1.154017e-02,-7.530925e-04,0.000000e+00,
508,-2.328457e-03,-1.747710e-02,2.778991e-02,-2.372107e-02,3.059841e-01,-2.512122e-01,0.000000e+00,1.888645e-01,-3.859619e-02,4.412237e-03,-1.083276e-02,-6.807262e-04,0.000000e+00,
509,-1.427540e-03,-2.283918e-02,3.665066e-02,-3.595067e-02,3.048170e-01,-2.412894e-01,0.000000e+00,1.808100e-01,-3.665699e-02,4.299577e-03,-1.010296e-02,-6.120225e-04,0.000000e+00,
510,-5.997784e-04,-2.768252e-02,4.467362e-02,-4.731043e-02,3.023735e-01,-2.295114e-01,0.000000e+00,1.713103e-01,-3.442464e-02,4.135998e-03,-9.352046e-03,-5.469345e-04,0.000000e+00,
511,1.564356e-04,-3.201516e-02,5.186651e-02,-5.780006e-02,2.986690e-01,-2.159182e-01,0.000000e+00,1.604031e-01,-3.190965e-02,3.923300e-03,-8.581479e-03,-4.854033e-04,0.000000e+00,
512,8.427809e-04,-3.584642e-02,5.823984e-02,-6.742212e-02,2.937248e-01,-2.005601e-01,0.000000e+00,1.481359e-01,-2.912463e-02,3.663530e-03,-7.792816e-03,-4.273760e-04,0.000000e+00,
513,1.460430e-03,-3.918378e-02,6.380274e-02,-7.617878e-02,2.875689e-01,-1.834999e-01,0.000000e+00,1.345664e-01,-2.608505e-02,3.359246e-03,-6.988220e-03,-3.727817e-04,0.000000e+00,
514,2.011606e-03,-4.204039e-02,6.857158e-02,-8.407725e-02,2.802338e-01,-1.648083e-01,0.000000e+00,1.197596e-01,-2.280801e-02,3.013333e-03,-6.169835e-03,-3.215289e-04,0.000000e+00,
515,2.500052e-03,-4.443705e-02,7.257208e-02,-9.113102e-02,2.717531e-01,-1.445573e-01,0.000000e+00,1.037810e-01,-1.931035e-02,2.628698e-03,-5.339471e-03,-2.734931e-04,0.000000e+00,
516,2.931072e-03,-4.640280e-02,7.584043e-02,-9.736098e-02,2.621654e-01,-1.228268e-01,0.000000e+00,8.670266e-02,-1.561029e-02,2.208621e-03,-4.498896e-03,-2.285004e-04,0.000000e+00,
517,3.310547e-03,-4.796989e-02,7.841738e-02,-1.027920e-01,2.515108e-01,-9.969744e-02,0.000000e+00,6.859667e-02,-1.172581e-02,1.756392e-03,-3.649712e-03,-1.863579e-04,0.000000e+00,
518,3.644652e-03,-4.917232e-02,8.034631e-02,-1.074518e-01,2.398297e-01,-7.524824e-02,0.000000e+00,4.953277e-02,-7.673879e-03,1.275131e-03,-2.793274e-03,-1.468676e-04,0.000000e+00,
519,3.937833e-03,-5.003583e-02,8.166146e-02,-1.113637e-01,2.271633e-01,-4.955725e-02,0.000000e+00,2.957884e-02,-3.470656e-03,7.676319e-04,-1.931038e-03,-1.098788e-04,0.000000e+00,
520,4.193334e-03,-5.058112e-02,8.239237e-02,-1.145497e-01,2.135591e-01,-2.271181e-02,0.000000e+00,8.810029e-03,8.661338e-04,2.368294e-04,-1.064829e-03,-7.526164e-05,0.000000e+00,
521,4.412390e-03,-5.081943e-02,8.255798e-02,-1.170262e-01,1.990672e-01,5.196341e-03,0.000000e+00,-1.269540e-02,5.318176e-03,-3.144365e-04,-1.968523e-04,-4.294211e-05,0.000000e+00,
522,4.595258e-03,-5.075819e-02,8.217403e-02,-1.188091e-01,1.837469e-01,3.406080e-02,0.000000e+00,-3.484700e-02,9.864240e-03,-8.829202e-04,6.701211e-04,-1.284933e-05,0.000000e+00,
523,4.740730e-03,-5.039972e-02,8.125158e-02,-1.199124e-01,1.676621e-01,6.376714e-02,0.000000e+00,-5.754798e-02,1.448175e-02,-1.465270e-03,1.532965e-03,1.505986e-05,0.000000e+00,
524,4.847423e-03,-4.974631e-02,7.980273e-02,-1.203521e-01,1.508823e-01,9.419242e-02,0.000000e+00,-8.069491e-02,1.914685e-02,-2.057966e-03,2.388384e-03,4.083112e-05,0.000000e+00,
525,4.914405e-03,-4.880132e-02,7.784078e-02,-1.201457e-01,1.334804e-01,1.252089e-01,0.000000e+00,-1.041806e-01,2.383488e-02,-2.657330e-03,3.232975e-03,6.451700e-05,0.000000e+00,
526,4.941575e-03,-4.757104e-02,7.538249e-02,-1.193140e-01,1.155314e-01,1.566865e-01,0.000000e+00,-1.278964e-01,2.852096e-02,-3.259606e-03,4.063387e-03,8.619224e-05,0.000000e+00,
527,4.928934e-03,-4.606404e-02,7.244856e-02,-1.178813e-01,9.710967e-02,1.884988e-01,0.000000e+00,-1.517378e-01,3.318198e-02,-3.861392e-03,4.876712e-03,1.059285e-04,0.000000e+00,
528,4.876508e-03,-4.428797e-02,6.905872e-02,-1.158723e-01,7.829425e-02,2.205119e-01,0.000000e+00,-1.755944e-01,3.779342e-02,-4.459074e-03,5.669781e-03,1.238024e-04,0.000000e+00,
529,4.786093e-03,-4.225867e-02,6.524319e-02,-1.133194e-01,5.917249e-02,2.525777e-01,0.000000e+00,-1.993434e-01,4.232789e-02,-5.048477e-03,6.439302e-03,1.399378e-04,0.000000e+00,
530,4.658848e-03,-3.999146e-02,6.103366e-02,-1.102577e-01,3.984030e-02,2.845331e-01,0.000000e+00,-2.228493e-01,4.675495e-02,-5.624987e-03,7.181588e-03,1.544669e-04,0.000000e+00,
531,4.496429e-03,-3.750590e-02,5.646787e-02,-1.067263e-01,2.039622e-02,3.162109e-01,0.000000e+00,-2.459736e-01,5.104364e-02,-6.183857e-03,7.893036e-03,1.675466e-04,0.000000e+00,
532,4.301190e-03,-3.482336e-02,5.158488e-02,-1.027650e-01,9.386398e-04,3.474440e-01,0.000000e+00,-2.685774e-01,5.516281e-02,-6.720201e-03,8.569988e-03,1.793462e-04,0.000000e+00,
533,4.077590e-03,-3.197590e-02,4.643704e-02,-9.842289e-02,-1.843331e-02,3.780660e-01,0.000000e+00,-2.905232e-01,5.908216e-02,-7.229155e-03,9.209308e-03,1.900864e-04,0.000000e+00,
534,3.828668e-03,-2.899102e-02,4.107181e-02,-9.374593e-02,-3.762533e-02,4.079201e-01,0.000000e+00,-3.116824e-01,6.277361e-02,-7.706235e-03,9.808016e-03,1.999663e-04,0.000000e+00,
535,3.559711e-03,-2.590534e-02,3.554652e-02,-8.878639e-02,-5.654733e-02,4.368592e-01,0.000000e+00,-3.319355e-01,6.621190e-02,-8.147286e-03,1.036383e-02,2.092202e-04,0.000000e+00,
536,3.276067e-03,-2.275572e-02,2.991892e-02,-8.359765e-02,-7.511027e-02,4.647404e-01,0.000000e+00,-3.511675e-01,6.937327e-02,-8.548403e-03,1.087468e-02,2.180792e-04,0.000000e+00,
537,2.983118e-03,-1.957940e-02,2.424751e-02,-7.823409e-02,-9.322373e-02,4.914189e-01,0.000000e+00,-3.692622e-01,7.223374e-02,-8.905647e-03,1.133849e-02,2.267777e-04,0.000000e+00,
538,2.684918e-03,-1.640629e-02,1.858111e-02,-7.274321e-02,-1.108038e-01,5.167620e-01,0.000000e+00,-3.861136e-01,7.477180e-02,-9.215605e-03,1.175334e-02,2.354949e-04,0.000000e+00,
539,2.386185e-03,-1.326724e-02,1.296806e-02,-6.717153e-02,-1.277747e-01,5.406517e-01,0.000000e+00,-4.016295e-01,7.696972e-02,-9.475490e-03,1.211784e-02,2.443979e-04,0.000000e+00,
540,2.089400e-03,-1.018347e-02,7.445654e-03,-6.155807e-02,-1.440611e-01,5.629705e-01,0.000000e+00,-4.157172e-01,7.880923e-02,-9.682548e-03,1.243021e-02,2.536105e-04,0.000000e+00,
541,1.795062e-03,-7.167537e-03,2.040992e-03,-5.593464e-02,-1.595930e-01,5.836081e-01,0.000000e+00,-4.282902e-01,8.027343e-02,-9.834364e-03,1.268858e-02,2.632113e-04,0.000000e+00,
542,1.504091e-03,-4.232114e-03,-3.219868e-03,-5.033208e-02,-1.743026e-01,6.024598e-01,0.000000e+00,-4.392672e-01,8.134689e-02,-9.928809e-03,1.289127e-02,2.732675e-04,0.000000e+00,
543,1.217434e-03,-1.390575e-03,-8.309339e-03,-4.478265e-02,-1.881170e-01,6.194104e-01,0.000000e+00,-4.485574e-01,8.201181e-02,-9.963363e-03,1.303630e-02,2.838642e-04,0.000000e+00,
544,9.346040e-04,1.349456e-03,-1.320622e-02,-3.931449e-02,-2.009660e-01,6.343500e-01,0.000000e+00,-4.560747e-01,8.225147e-02,-9.935790e-03,1.312167e-02,2.950558e-04,0.000000e+00,
545,6.553831e-04,3.979929e-03,-1.788982e-02,-3.395457e-02,-2.127884e-01,6.471849e-01,0.000000e+00,-4.617472e-01,8.205270e-02,-9.844417e-03,1.314593e-02,3.068898e-04,0.000000e+00,
546,3.804473e-04,6.490665e-03,-2.233854e-02,-2.872920e-02,-2.235283e-01,6.578296e-01,0.000000e+00,-4.655091e-01,8.140333e-02,-9.687640e-03,1.310781e-02,3.194227e-04,0.000000e+00,
547,1.094867e-04,8.875910e-03,-2.653684e-02,-2.365912e-02,-2.331400e-01,6.662157e-01,0.000000e+00,-4.673080e-01,8.029411e-02,-9.464339e-03,1.300634e-02,3.326791e-04,0.000000e+00,
548,-1.578736e-04,1.113169e-02,-3.047315e-02,-1.876056e-02,-2.415909e-01,6.722965e-01,0.000000e+00,-4.671103e-01,7.871996e-02,-9.174032e-03,1.284110e-02,3.466656e-04,0.000000e+00,
549,-4.211187e-04,1.325208e-02,-3.413538e-02,-1.404886e-02,-2.488549e-01,6.760364e-01,0.000000e+00,-4.648910e-01,7.667779e-02,-8.816466e-03,1.261192e-02,3.613935e-04,0.000000e+00,
550,-6.797788e-04,1.523206e-02,-3.751347e-02,-9.537020e-03,-2.549123e-01,6.774110e-01,0.000000e+00,-4.606349e-01,7.416682e-02,-8.391802e-03,1.231902e-02,3.768583e-04,0.000000e+00,
551,-9.334009e-04,1.706754e-02,-4.059931e-02,-5.236356e-03,-2.597511e-01,6.764111e-01,0.000000e+00,-4.543406e-01,7.119023e-02,-7.900882e-03,1.196311e-02,3.930362e-04,0.000000e+00,
552,-1.180070e-03,1.874930e-02,-4.338000e-02,-1.160879e-03,-2.633634e-01,6.730354e-01,0.000000e+00,-4.460143e-01,6.775332e-02,-7.344825e-03,1.154535e-02,4.099248e-04,0.000000e+00,
553,-1.418831e-03,2.027215e-02,-4.584769e-02,2.678952e-03,-2.657507e-01,6.673016e-01,0.000000e+00,-4.356792e-01,6.386595e-02,-6.725515e-03,1.106739e-02,4.274937e-04,0.000000e+00,
554,-1.648335e-03,2.163155e-02,-4.799713e-02,6.275205e-03,-2.669223e-01,6.592419e-01,0.000000e+00,-4.233717e-01,5.954154e-02,-6.045435e-03,1.053133e-02,4.456852e-04,0.000000e+00,
555,-1.867518e-03,2.282543e-02,-4.982721e-02,9.623323e-03,-2.668962e-01,6.489049e-01,0.000000e+00,-4.091431e-01,5.479755e-02,-5.307768e-03,9.939736e-03,4.644155e-04,0.000000e+00,
556,-2.075335e-03,2.385258e-02,-5.133879e-02,1.272063e-02,-2.656977e-01,6.363533e-01,0.000000e+00,-3.930571e-01,4.965472e-02,-4.516233e-03,9.295567e-03,4.835856e-04,0.000000e+00,
557,-2.272225e-03,2.471840e-02,-5.254077e-02,1.557004e-02,-2.633605e-01,6.216656e-01,0.000000e+00,-3.751920e-01,4.413752e-02,-3.675240e-03,8.602084e-03,5.030572e-04,0.000000e+00,
558,-2.458660e-03,2.542874e-02,-5.344300e-02,1.817547e-02,-2.599216e-01,6.049257e-01,0.000000e+00,-3.556303e-01,3.827156e-02,-2.789387e-03,7.862693e-03,5.226859e-04,0.000000e+00,
559,-2.634569e-03,2.598704e-02,-5.405276e-02,2.053931e-02,-2.554202e-01,5.862229e-01,0.000000e+00,-3.344597e-01,3.208381e-02,-1.863495e-03,7.081102e-03,5.423397e-04,0.000000e+00,
560,-2.799887e-03,2.639718e-02,-5.437824e-02,2.266466e-02,-2.498995e-01,5.656536e-01,0.000000e+00,-3.117743e-01,2.560301e-02,-9.025995e-04,6.261175e-03,5.618850e-04,0.000000e+00,
561,-2.954565e-03,2.666335e-02,-5.442829e-02,2.455515e-02,-2.434049e-01,5.433195e-01,0.000000e+00,-2.876732e-01,1.885934e-02,8.796358e-05,5.407024e-03,5.811768e-04,0.000000e+00,
562,-3.098543e-03,2.678864e-02,-5.421039e-02,2.621348e-02,-2.359879e-01,5.193346e-01,0.000000e+00,-2.622671e-01,1.188639e-02,1.102300e-03,4.523305e-03,6.000583e-04,0.000000e+00,
563,-3.230802e-03,2.677354e-02,-5.373028e-02,2.764159e-02,-2.277039e-01,4.938209e-01,0.000000e+00,-2.356740e-01,4.719568e-03,2.134307e-03,3.614971e-03,6.183804e-04,0.000000e+00,
564,-3.350750e-03,2.661912e-02,-5.299372e-02,2.884164e-02,-2.186097e-01,4.669026e-01,0.000000e+00,-2.080135e-01,-2.605339e-03,3.177817e-03,2.687038e-03,6.359937e-04,0.000000e+00,
565,-3.457827e-03,2.632679e-02,-5.200725e-02,2.981673e-02,-2.087641e-01,4.387067e-01,0.000000e+00,-1.794069e-01,-1.005249e-02,4.226679e-03,1.744548e-03,6.527489e-04,0.000000e+00,
566,-3.552476e-03,2.590111e-02,-5.078029e-02,3.057196e-02,-1.982253e-01,4.093579e-01,0.000000e+00,-1.499728e-01,-1.758726e-02,5.274961e-03,7.922799e-04,6.684939e-04,0.000000e+00,
567,-3.635168e-03,2.534841e-02,-4.932504e-02,3.111468e-02,-1.870511e-01,3.789782e-01,0.000000e+00,-1.198266e-01,-2.517636e-02,6.316958e-03,-1.652452e-04,6.830718e-04,0.000000e+00,
568,-3.706953e-03,2.467796e-02,-4.765741e-02,3.145489e-02,-1.753001e-01,3.476910e-01,0.000000e+00,-8.908464e-02,-3.278635e-02,7.346853e-03,-1.123532e-03,6.963061e-04,0.000000e+00,
569,-3.769452e-03,2.390222e-02,-4.579741e-02,3.160529e-02,-1.630347e-01,3.156267e-01,0.000000e+00,-5.786936e-02,-4.038229e-02,8.358581e-03,-2.078002e-03,7.080031e-04,0.000000e+00,
570,-3.824292e-03,2.303416e-02,-4.376618e-02,3.157933e-02,-1.503219e-01,2.829257e-01,0.000000e+00,-2.631282e-02,-4.792654e-02,9.345611e-03,-3.023693e-03,7.179485e-04,0.000000e+00,
571,-3.872106e-03,2.208392e-02,-4.158264e-02,3.138936e-02,-1.372316e-01,2.497338e-01,0.000000e+00,5.448179e-03,-5.538012e-02,1.030128e-02,-3.955438e-03,7.259383e-04,0.000000e+00,
572,-3.912671e-03,2.105697e-02,-3.925969e-02,3.104360e-02,-1.238308e-01,2.161917e-01,0.000000e+00,3.728132e-02,-6.270534e-02,1.121927e-02,-4.868123e-03,7.318025e-04,0.000000e+00,
573,-3.945747e-03,1.995845e-02,-3.680951e-02,3.054983e-02,-1.101834e-01,1.824335e-01,0.000000e+00,6.906064e-02,-6.986649e-02,1.209375e-02,-5.757026e-03,7.353909e-04,0.000000e+00,
574,-3.970827e-03,1.879152e-02,-3.424144e-02,2.991432e-02,-9.634546e-02,1.485767e-01,0.000000e+00,1.006761e-01,-7.683259e-02,1.291976e-02,-6.618077e-03,7.365837e-04,0.000000e+00,
575,-3.987979e-03,1.756133e-02,-3.156630e-02,2.914430e-02,-8.236462e-02,1.147204e-01,0.000000e+00,1.320352e-01,-8.357789e-02,1.369322e-02,-7.448021e-03,7.352727e-04,0.000000e+00,
576,-3.997613e-03,1.627473e-02,-2.879718e-02,2.824876e-02,-6.828780e-02,8.096121e-02,0.000000e+00,1.630481e-01,-9.007779e-02,1.441034e-02,-8.243967e-03,7.313661e-04,0.000000e+00,
577,-4.000778e-03,1.494369e-02,-2.595429e-02,2.724186e-02,-5.416181e-02,4.739458e-02,0.000000e+00,1.936268e-01,-9.630857e-02,1.506735e-02,-9.003194e-03,7.247257e-04,0.000000e+00,
578,-3.998308e-03,1.357961e-02,-2.305778e-02,2.613802e-02,-4.003711e-02,1.412283e-02,0.000000e+00,2.236771e-01,-1.022448e-01,1.566015e-02,-9.722654e-03,7.152047e-04,0.000000e+00,
579,-3.990306e-03,1.219254e-02,-2.012748e-02,2.495151e-02,-2.597007e-02,-1.873934e-02,0.000000e+00,2.530933e-01,-1.078581e-01,1.618421e-02,-1.039881e-02,7.026436e-04,0.000000e+00,
580,-3.976328e-03,1.079032e-02,-1.718101e-02,2.369529e-02,-1.202143e-02,-5.106804e-02,0.000000e+00,2.817614e-01,-1.131178e-01,1.663474e-02,-1.102786e-02,6.869076e-04,0.000000e+00,
581,-3.956667e-03,9.381873e-03,-1.423567e-02,2.238161e-02,1.753174e-03,-8.274987e-02,0.000000e+00,3.095773e-01,-1.179960e-01,1.700740e-02,-1.160630e-02,6.678562e-04,0.000000e+00,
582,-3.930814e-03,7.972212e-03,-1.130411e-02,2.101979e-02,1.529833e-02,-1.136717e-01,0.000000e+00,3.364373e-01,-1.224655e-01,1.729809e-02,-1.213060e-02,6.453791e-04,0.000000e+00,
583,-3.898993e-03,6.567119e-03,-8.397957e-03,1.961799e-02,2.856701e-02,-1.437378e-01,0.000000e+00,3.622543e-01,-1.265036e-01,1.750373e-02,-1.259814e-02,6.194064e-04,0.000000e+00,
584,-3.861404e-03,5.172064e-03,-5.528245e-03,1.818414e-02,4.151472e-02,-1.728581e-01,0.000000e+00,3.869472e-01,-1.300901e-01,1.762171e-02,-1.300668e-02,5.898969e-04,0.000000e+00,
585,-3.817620e-03,3.791346e-03,-2.705417e-03,1.672599e-02,5.409612e-02,-2.009417e-01,0.000000e+00,4.104343e-01,-1.332051e-01,1.764953e-02,-1.335387e-02,5.567977e-04,0.000000e+00,
586,-3.765841e-03,2.424382e-03,6.506436e-05,1.524812e-02,6.626466e-02,-2.278947e-01,0.000000e+00,4.326318e-01,-1.358279e-01,1.758477e-02,-1.363719e-02,5.200843e-04,0.000000e+00,
587,-3.706229e-03,1.077159e-03,2.770856e-03,1.375959e-02,7.796983e-02,-2.536159e-01,0.000000e+00,4.534493e-01,-1.379367e-01,1.742486e-02,-1.385436e-02,4.797457e-04,0.000000e+00,
588,-3.637888e-03,-2.471333e-04,5.401462e-03,1.226858e-02,8.915579e-02,-2.779932e-01,0.000000e+00,4.727864e-01,-1.395071e-01,1.716689e-02,-1.400263e-02,4.357772e-04,0.000000e+00,
589,-3.561732e-03,-1.540727e-03,7.943462e-03,1.078452e-02,9.977074e-02,-3.009229e-01,0.000000e+00,4.905513e-01,-1.405173e-01,1.680844e-02,-1.407978e-02,3.881885e-04,0.000000e+00,
590,-3.477628e-03,-2.801729e-03,1.039093e-02,9.312088e-03,1.097706e-01,-3.223172e-01,0.000000e+00,5.066664e-01,-1.409496e-01,1.634796e-02,-1.408414e-02,3.370599e-04,0.000000e+00,
591,-3.386400e-03,-4.024382e-03,1.273406e-02,7.858677e-03,1.191204e-01,-3.421079e-01,0.000000e+00,5.210733e-01,-1.407922e-01,1.578478e-02,-1.401491e-02,2.824694e-04,0.000000e+00,
592,-3.287386e-03,-5.209784e-03,1.497188e-02,6.425780e-03,1.277966e-01,-3.602498e-01,0.000000e+00,5.337348e-01,-1.400391e-01,1.511941e-02,-1.387192e-02,2.245506e-04,0.000000e+00,
593,-3.179988e-03,-6.357705e-03,1.710195e-02,5.015857e-03,1.357825e-01,-3.767126e-01,0.000000e+00,5.446279e-01,-1.386884e-01,1.435293e-02,-1.365553e-02,1.634281e-04,0.000000e+00,
594,-3.064594e-03,-7.465000e-03,1.911898e-02,3.633374e-03,1.430635e-01,-3.914707e-01,0.000000e+00,5.537340e-01,-1.367400e-01,1.348672e-02,-1.336638e-02,9.921303e-05,0.000000e+00,
595,-2.942246e-03,-8.525158e-03,2.101352e-02,2.285596e-03,1.496230e-01,-4.044950e-01,0.000000e+00,5.610325e-01,-1.341934e-01,1.252212e-02,-1.300515e-02,3.199229e-05,0.000000e+00,
596,-2.814504e-03,-9.530495e-03,2.277508e-02,9.803296e-04,1.554386e-01,-4.157453e-01,0.000000e+00,5.664920e-01,-1.310457e-01,1.146016e-02,-1.257220e-02,-3.814617e-05,0.000000e+00,
597,-2.682980e-03,-1.047330e-02,2.439334e-02,-2.746404e-04,1.604899e-01,-4.251847e-01,0.000000e+00,5.700851e-01,-1.272952e-01,1.030211e-02,-1.206802e-02,-1.111290e-04,0.000000e+00,
598,-2.549316e-03,-1.134745e-02,2.586039e-02,-1.472982e-03,1.647549e-01,-4.327748e-01,0.000000e+00,5.717840e-01,-1.229411e-01,9.049574e-03,-1.149317e-02,-1.868479e-04,0.000000e+00,
599,-2.413469e-03,-1.215171e-02,2.717291e-02,-2.611120e-03,1.682155e-01,-4.384840e-01,0.000000e+00,5.715665e-01,-1.179836e-01,7.704518e-03,-1.084839e-02,-2.651720e-04,0.000000e+00,
600,-2.276356e-03,-1.288163e-02,2.832465e-02,-3.683505e-03,1.708606e-01,-4.422964e-01,0.000000e+00,5.694258e-01,-1.124284e-01,6.269926e-03,-1.013534e-02,-3.459577e-04,0.000000e+00,
601,-2.138055e-03,-1.353624e-02,2.931349e-02,-4.686947e-03,1.726854e-01,-4.442097e-01,0.000000e+00,5.653687e-01,-1.062851e-01,4.749782e-03,-9.356333e-03,-4.290163e-04,0.000000e+00,
602,-1.999301e-03,-1.411177e-02,3.013426e-02,-5.616309e-03,1.736888e-01,-4.442296e-01,0.000000e+00,5.594098e-01,-9.956657e-02,3.148724e-03,-8.514302e-03,-5.141370e-04,0.000000e+00,
603,-1.860445e-03,-1.460780e-02,3.078745e-02,-6.470391e-03,1.738825e-01,-4.423885e-01,0.000000e+00,5.515887e-01,-9.229288e-02,1.472800e-03,-7.613069e-03,-6.010751e-04,0.000000e+00,
604,-1.721234e-03,-1.502766e-02,3.127862e-02,-7.251053e-03,1.732854e-01,-4.387342e-01,0.000000e+00,5.419610e-01,-8.448986e-02,-2.704815e-04,-6.657426e-03,-6.895042e-04,0.000000e+00,
605,-1.581558e-03,-1.537565e-02,3.161568e-02,-7.961974e-03,1.719210e-01,-4.333240e-01,0.000000e+00,5.305912e-01,-7.618586e-02,-2.073158e-03,-5.652491e-03,-7.790697e-04,0.000000e+00,
606,-1.441148e-03,-1.565703e-02,3.180815e-02,-8.607802e-03,1.698201e-01,-4.262309e-01,0.000000e+00,5.175586e-01,-6.741421e-02,-3.926128e-03,-4.604233e-03,-8.693733e-04,0.000000e+00,
607,-1.300118e-03,-1.587526e-02,3.186345e-02,-9.191562e-03,1.670163e-01,-4.175345e-01,0.000000e+00,5.029498e-01,-5.821043e-02,-5.819913e-03,-3.519010e-03,-9.600172e-04,0.000000e+00,
608,-1.158994e-03,-1.603141e-02,3.178563e-02,-9.713683e-03,1.635413e-01,-4.073109e-01,0.000000e+00,4.868481e-01,-4.860980e-02,-7.744881e-03,-2.403493e-03,-1.050582e-03,0.000000e+00,
609,-1.019709e-03,-1.612180e-02,3.157386e-02,-1.017150e-02,1.594268e-01,-3.956375e-01,0.000000e+00,4.693387e-01,-3.864870e-02,-9.691200e-03,-1.264585e-03,-1.140667e-03,0.000000e+00,
610,-8.830020e-04,-1.614636e-02,3.123044e-02,-1.056374e-02,1.547043e-01,-3.825921e-01,0.000000e+00,4.505088e-01,-2.836496e-02,-1.164842e-02,-1.094521e-04,-1.229825e-03,0.000000e+00,
611,-7.493043e-04,-1.610406e-02,3.075526e-02,-1.088720e-02,1.494036e-01,-3.682499e-01,0.000000e+00,4.304427e-01,-1.779582e-02,-1.360621e-02,1.054765e-03,-1.317623e-03,0.000000e+00,
612,-6.203279e-04,-1.599253e-02,3.014921e-02,-1.114010e-02,1.435558e-01,-3.526880e-01,0.000000e+00,4.092277e-01,-6.980040e-03,-1.555374e-02,2.220595e-03,-1.403585e-03,0.000000e+00,
613,-4.958470e-04,-1.581514e-02,2.941875e-02,-1.132386e-02,1.371978e-01,-3.359964e-01,0.000000e+00,3.869632e-01,4.040016e-03,-1.747939e-02,3.380221e-03,-1.487209e-03,0.000000e+00,
614,-3.760561e-04,-1.557325e-02,2.856777e-02,-1.143808e-02,1.303681e-01,-3.182681e-01,0.000000e+00,3.637512e-01,1.522124e-02,-1.937157e-02,4.525716e-03,-1.568009e-03,0.000000e+00,
615,-2.620178e-04,-1.526754e-02,2.760204e-02,-1.148435e-02,1.231167e-01,-2.996192e-01,0.000000e+00,3.397148e-01,2.651488e-02,-2.121773e-02,5.648380e-03,-1.645478e-03,0.000000e+00,
616,-1.551348e-04,-1.490011e-02,2.653074e-02,-1.146686e-02,1.155002e-01,-2.801793e-01,0.000000e+00,3.149901e-01,3.786828e-02,-2.300464e-02,6.739068e-03,-1.719084e-03,0.000000e+00,
617,-5.524796e-05,-1.447703e-02,2.536650e-02,-1.139138e-02,1.075845e-01,-2.600975e-01,0.000000e+00,2.897316e-01,4.922321e-02,-2.471794e-02,7.787904e-03,-1.788273e-03,0.000000e+00,
618,3.708947e-05,-1.400293e-02,2.412087e-02,-1.126285e-02,9.943428e-02,-2.395220e-01,0.000000e+00,2.640935e-01,6.052114e-02,-2.634318e-02,8.784948e-03,-1.852484e-03,0.000000e+00,
619,1.223871e-04,-1.348585e-02,2.280905e-02,-1.108862e-02,9.111597e-02,-2.186037e-01,0.000000e+00,2.382334e-01,7.170231e-02,-2.786561e-02,9.720240e-03,-1.911142e-03,0.000000e+00,
620,2.007881e-04,-1.293097e-02,2.144169e-02,-1.087279e-02,8.268738e-02,-1.974767e-01,0.000000e+00,2.122927e-01,8.271174e-02,-2.927154e-02,1.058454e-02,-1.963721e-03,0.000000e+00,
621,2.724878e-04,-1.234249e-02,2.002714e-02,-1.061784e-02,7.419514e-02,-1.762518e-01,0.000000e+00,1.863910e-01,9.350120e-02,-3.054871e-02,1.136977e-02,-2.009758e-03,0.000000e+00,
622,3.378143e-04,-1.172377e-02,1.857123e-02,-1.032452e-02,6.567253e-02,-1.550121e-01,0.000000e+00,1.606212e-01,1.040313e-01,-3.168692e-02,1.206936e-02,-2.048856e-03,0.000000e+00,
623,3.959565e-04,-1.107391e-02,1.707523e-02,-9.991354e-03,5.714468e-02,-1.338217e-01,0.000000e+00,1.350566e-01,1.142699e-01,-3.267795e-02,1.267805e-02,-2.080714e-03,0.000000e+00,
624,4.477826e-04,-1.039677e-02,1.554404e-02,-9.619261e-03,4.862601e-02,-1.127211e-01,0.000000e+00,1.097468e-01,1.241939e-01,-3.351576e-02,1.319240e-02,-2.105101e-03,0.000000e+00,
625,4.939023e-04,-9.694829e-03,1.398109e-02,-9.208823e-03,4.012875e-02,-9.174490e-02,0.000000e+00,8.473422e-02,1.337833e-01,-3.419535e-02,1.360969e-02,-2.121842e-03,0.000000e+00,
626,5.342635e-04,-8.969651e-03,1.238965e-02,-8.760770e-03,3.166621e-02,-7.092903e-02,0.000000e+00,6.006198e-02,1.430191e-01,-3.471235e-02,1.392759e-02,-2.130803e-03,0.000000e+00,
627,5.695509e-04,-8.224593e-03,1.077477e-02,-8.277231e-03,2.325544e-02,-5.031622e-02,0.000000e+00,3.577833e-02,1.518814e-01,-3.506247e-02,1.414390e-02,-2.131860e-03,0.000000e+00,
628,6.003854e-04,-7.463196e-03,9.142131e-03,-7.760545e-03,1.491788e-02,-2.995892e-02,0.000000e+00,1.194122e-02,1.603476e-01,-3.524085e-02,1.425601e-02,-2.124889e-03,0.000000e+00,
629,6.258478e-04,-6.684756e-03,7.494240e-03,-7.211270e-03,6.684729e-03,-9.929822e-03,0.000000e+00,-1.137277e-02,1.683893e-01,-3.524184e-02,1.426048e-02,-2.109758e-03,0.000000e+00,
630,6.453418e-04,-5.890431e-03,5.835894e-03,-6.631094e-03,-1.408870e-03,9.689994e-03,0.000000e+00,-3.407958e-02,1.759771e-01,-3.505980e-02,1.415394e-02,-2.086355e-03,0.000000e+00,
631,6.576644e-04,-5.078411e-03,4.168607e-03,-6.019896e-03,-9.329254e-03,2.882301e-02,0.000000e+00,-5.609917e-02,1.830831e-01,-3.468969e-02,1.393332e-02,-2.054602e-03,0.000000e+00,
632,6.623550e-04,-4.250282e-03,2.497555e-03,-5.379854e-03,-1.704255e-02,4.739209e-02,0.000000e+00,-7.735291e-02,1.896810e-01,-3.412717e-02,1.359619e-02,-2.014448e-03,0.000000e+00,
633,6.576738e-04,-3.403458e-03,8.239173e-04,-4.711101e-03,-2.451769e-02,6.532711e-02,0.000000e+00,-9.777040e-02,1.957488e-01,-3.336936e-02,1.314101e-02,-1.965929e-03,0.000000e+00,
634,6.424189e-04,-2.537787e-03,-8.482327e-04,-4.016074e-03,-3.172659e-02,8.256547e-02,0.000000e+00,-1.172895e-01,2.012679e-01,-3.241436e-02,1.256705e-02,-1.909111e-03,0.000000e+00,
635,6.154814e-04,-1.653034e-03,-2.515383e-03,-3.296971e-03,-3.864574e-02,9.905490e-02,0.000000e+00,-1.358587e-01,2.062239e-01,-3.126128e-02,1.187428e-02,-1.844093e-03,0.000000e+00,
636,5.771893e-04,-7.536180e-04,-4.169630e-03,-2.558742e-03,-4.525114e-02,1.147432e-01,0.000000e+00,-1.534277e-01,2.106038e-01,-2.990987e-02,1.106329e-02,-1.770991e-03,0.000000e+00,
637,5.264926e-04,1.604176e-04,-5.807097e-03,-1.804139e-03,-5.151960e-02,1.295803e-01,0.000000e+00,-1.699490e-01,2.143963e-01,-2.836045e-02,1.013491e-02,-1.689977e-03,0.000000e+00,
638,4.637084e-04,1.084717e-03,-7.419952e-03,-1.038329e-03,-5.742789e-02,1.435169e-01,0.000000e+00,-1.853767e-01,2.175910e-01,-2.661359e-02,9.090187e-03,-1.601195e-03,0.000000e+00,
639,3.887571e-04,2.017513e-03,-9.004179e-03,-2.638113e-04,-6.295708e-02,1.565127e-01,0.000000e+00,-1.996737e-01,2.201809e-01,-2.467080e-02,7.930745e-03,-1.504838e-03,0.000000e+00,
640,3.015837e-04,2.957067e-03,-1.055591e-02,5.168827e-04,-6.808962e-02,1.685309e-01,0.000000e+00,-2.128073e-01,2.221609e-01,-2.253418e-02,6.658685e-03,-1.401145e-03,0.000000e+00,
641,2.021235e-04,3.901708e-03,-1.207138e-02,1.301272e-03,-7.280831e-02,1.795355e-01,0.000000e+00,-2.247453e-01,2.235263e-01,-2.020606e-02,5.276308e-03,-1.290379e-03,0.000000e+00,
642,9.033201e-05,4.849995e-03,-1.354742e-02,2.087197e-03,-7.709917e-02,1.894976e-01,0.000000e+00,-2.354630e-01,2.242751e-01,-1.768941e-02,3.786409e-03,-1.172821e-03,0.000000e+00,
643,-3.378984e-05,5.800391e-03,-1.498081e-02,2.872429e-03,-8.094918e-02,1.983905e-01,0.000000e+00,-2.449379e-01,2.244064e-01,-1.498767e-02,2.192286e-03,-1.048807e-03,0.000000e+00,
644,-1.702616e-04,6.751748e-03,-1.636916e-02,3.655247e-03,-8.434862e-02,2.061947e-01,0.000000e+00,-2.531544e-01,2.239215e-01,-1.210498e-02,4.978778e-04,-9.187242e-04,0.000000e+00,
645,-3.176710e-04,7.698963e-03,-1.770712e-02,4.432415e-03,-8.729304e-02,2.129013e-01,0.000000e+00,-2.601072e-01,2.228253e-01,-9.046306e-03,-1.292046e-03,-7.829796e-04,0.000000e+00,
646,-4.741355e-04,8.634625e-03,-1.898650e-02,5.198404e-03,-8.978009e-02,2.185073e-01,0.000000e+00,-2.657973e-01,2.211256e-01,-5.817564e-03,-3.171833e-03,-6.420175e-04,0.000000e+00,
647,-6.377881e-04,9.551668e-03,-2.019976e-02,5.948068e-03,-9.181035e-02,2.230160e-01,0.000000e+00,-2.702322e-01,2.188326e-01,-2.425279e-03,-5.135368e-03,-4.963192e-04,0.000000e+00,
648,-8.052837e-04,1.043875e-02,-2.133596e-02,6.674348e-03,-9.338812e-02,2.264387e-01,0.000000e+00,-2.734273e-01,2.159593e-01,1.123382e-03,-7.175883e-03,-3.463679e-04,0.000000e+00,
649,-9.747215e-04,1.128903e-02,-2.238816e-02,7.372351e-03,-9.451760e-02,2.287872e-01,0.000000e+00,-2.753986e-01,2.125190e-01,4.821073e-03,-9.286687e-03,-1.926590e-04,0.000000e+00,
650,-1.144131e-03,1.209554e-02,-2.334945e-02,8.037067e-03,-9.520436e-02,2.300765e-01,0.000000e+00,-2.761662e-01,2.085270e-01,8.659914e-03,-1.146068e-02,-3.570538e-05,0.000000e+00,
651,-1.311934e-03,1.285383e-02,-2.421658e-02,8.666060e-03,-9.545756e-02,2.303292e-01,0.000000e+00,-2.757578e-01,2.040011e-01,1.263124e-02,-1.369027e-02,1.239381e-04,0.000000e+00,
652,-1.477269e-03,1.356066e-02,-2.498688e-02,9.256981e-03,-9.528736e-02,2.295711e-01,0.000000e+00,-2.742049e-01,1.989612e-01,1.672575e-02,-1.596743e-02,2.856951e-04,0.000000e+00,
653,-1.639852e-03,1.421598e-02,-2.566160e-02,9.809619e-03,-9.470854e-02,2.278382e-01,0.000000e+00,-2.715502e-01,1.934316e-01,2.093288e-02,-1.828333e-02,4.489272e-04,0.000000e+00,
654,-1.797935e-03,1.481534e-02,-2.623815e-02,1.032151e-02,-9.373772e-02,2.251714e-01,0.000000e+00,-2.678412e-01,1.874387e-01,2.524131e-02,-2.062846e-02,6.129913e-04,0.000000e+00,
655,-1.949739e-03,1.535386e-02,-2.671319e-02,1.078958e-02,-9.238890e-02,2.216063e-01,0.000000e+00,-2.631214e-01,1.810089e-01,2.963961e-02,-2.299326e-02,7.772426e-04,0.000000e+00,
656,-2.093491e-03,1.582703e-02,-2.708419e-02,1.121116e-02,-9.068006e-02,2.171877e-01,0.000000e+00,-2.574438e-01,1.741715e-01,3.411540e-02,-2.536748e-02,9.410078e-04,0.000000e+00,
657,-2.227545e-03,1.623071e-02,-2.734892e-02,1.158376e-02,-8.862884e-02,2.119594e-01,0.000000e+00,-2.508606e-01,1.669567e-01,3.865566e-02,-2.774029e-02,1.103565e-03,0.000000e+00,
658,-2.350285e-03,1.656097e-02,-2.750543e-02,1.190505e-02,-8.625356e-02,2.059672e-01,0.000000e+00,-2.434261e-01,1.593959e-01,4.324693e-02,-3.010052e-02,1.264177e-03,0.000000e+00,
659,-2.460116e-03,1.681418e-02,-2.755240e-02,1.217294e-02,-8.357586e-02,1.992642e-01,0.000000e+00,-2.352030e-01,1.515240e-01,4.787424e-02,-3.243565e-02,1.422012e-03,0.000000e+00,
660,-2.557008e-03,1.699209e-02,-2.749393e-02,1.238850e-02,-8.062145e-02,1.919123e-01,0.000000e+00,-2.262620e-01,1.433789e-01,5.252186e-02,-3.473288e-02,1.576225e-03,0.000000e+00,
661,-2.640501e-03,1.709396e-02,-2.733072e-02,1.255030e-02,-7.741512e-02,1.839718e-01,0.000000e+00,-2.166728e-01,1.349981e-01,5.717408e-02,-3.697922e-02,1.725975e-03,0.000000e+00,
662,-2.709280e-03,1.711730e-02,-2.706214e-02,1.265595e-02,-7.398023e-02,1.755005e-01,0.000000e+00,-2.065024e-01,1.264181e-01,6.181560e-02,-3.916201e-02,1.870471e-03,0.000000e+00,
663,-2.763021e-03,1.706177e-02,-2.668913e-02,1.270402e-02,-7.034050e-02,1.665568e-01,0.000000e+00,-1.958182e-01,1.176752e-01,6.643115e-02,-4.126859e-02,2.008922e-03,0.000000e+00,
664,-2.801460e-03,1.692704e-02,-2.621239e-02,1.269312e-02,-6.651705e-02,1.571927e-01,0.000000e+00,-1.846799e-01,1.088018e-01,7.100674e-02,-4.328722e-02,2.140601e-03,0.000000e+00,
665,-2.824447e-03,1.671317e-02,-2.563300e-02,1.262207e-02,-6.253081e-02,1.474594e-01,0.000000e+00,-1.731467e-01,9.983009e-02,7.552824e-02,-4.520581e-02,2.264728e-03,0.000000e+00,
666,-2.832447e-03,1.642292e-02,-2.495522e-02,1.249226e-02,-5.839921e-02,1.373998e-01,0.000000e+00,-1.612682e-01,9.078820e-02,7.998270e-02,-4.701331e-02,2.380585e-03,0.000000e+00,
667,-2.825997e-03,1.605938e-02,-2.418376e-02,1.230560e-02,-5.413975e-02,1.270557e-01,0.000000e+00,-1.490928e-01,8.170328e-02,8.435750e-02,-4.869894e-02,2.487455e-03,0.000000e+00,
668,-2.805657e-03,1.562550e-02,-2.332289e-02,1.206374e-02,-4.976759e-02,1.164642e-01,0.000000e+00,-1.366639e-01,7.260057e-02,8.864054e-02,-5.025218e-02,2.584618e-03,0.000000e+00,
669,-2.772047e-03,1.512458e-02,-2.237741e-02,1.176860e-02,-4.529925e-02,1.056653e-01,0.000000e+00,-1.240282e-01,6.350681e-02,9.281933e-02,-5.166233e-02,2.671351e-03,0.000000e+00,
670,-2.726455e-03,1.456321e-02,-2.135577e-02,1.142431e-02,-4.075220e-02,9.470070e-02,0.000000e+00,-1.112338e-01,5.444881e-02,9.688143e-02,-5.291898e-02,2.746935e-03,0.000000e+00,
671,-2.670962e-03,1.394929e-02,-2.026697e-02,1.103508e-02,-3.614379e-02,8.361271e-02,0.000000e+00,-9.833013e-02,4.545465e-02,1.008140e-01,-5.401147e-02,2.810614e-03,0.000000e+00,
672,-2.607526e-03,1.329066e-02,-1.912034e-02,1.060538e-02,-3.149471e-02,7.245047e-02,0.000000e+00,-8.537318e-02,3.655414e-02,1.046040e-01,-5.492922e-02,2.861650e-03,0.000000e+00,
673,-2.537937e-03,1.259458e-02,-1.792468e-02,1.013935e-02,-2.682583e-02,6.126352e-02,0.000000e+00,-7.241917e-02,2.777668e-02,1.082393e-01,-5.566248e-02,2.899386e-03,0.000000e+00,
674,-2.463830e-03,1.186766e-02,-1.668793e-02,9.640680e-03,-2.215616e-02,5.009714e-02,0.000000e+00,-5.951960e-02,1.914918e-02,1.117087e-01,-5.620259e-02,2.923234e-03,0.000000e+00,
675,-2.385046e-03,1.111103e-02,-1.541337e-02,9.110683e-03,-1.750637e-02,3.899932e-02,0.000000e+00,-4.672768e-02,1.069782e-02,1.150022e-01,-5.654172e-02,2.932711e-03,0.000000e+00,
676,-2.300410e-03,1.032355e-02,-1.410236e-02,8.549471e-03,-1.289503e-02,2.801369e-02,0.000000e+00,-3.409179e-02,2.446180e-03,1.181111e-01,-5.667319e-02,2.927421e-03,0.000000e+00,
677,-2.208706e-03,9.504342e-03,-1.275710e-02,7.958029e-03,-8.344247e-03,1.719027e-02,0.000000e+00,-2.166538e-02,-5.582054e-03,1.210275e-01,-5.659111e-02,2.907061e-03,0.000000e+00,
678,-2.110313e-03,8.657525e-03,-1.138423e-02,7.339764e-03,-3.875717e-03,6.578050e-03,0.000000e+00,-9.500295e-03,-1.336452e-02,1.237441e-01,-5.629034e-02,2.871351e-03,0.000000e+00,
679,-2.005581e-03,7.787323e-03,-9.990767e-03,6.698568e-03,4.872322e-04,-3.771209e-03,0.000000e+00,2.349502e-03,-2.087911e-02,1.262542e-01,-5.576628e-02,2.820060e-03,0.000000e+00,
680,-1.895284e-03,6.896321e-03,-8.579569e-03,6.034835e-03,4.728479e-03,-1.381954e-02,0.000000e+00,1.384324e-02,-2.810849e-02,1.285527e-01,-5.501578e-02,2.753081e-03,0.000000e+00,
681,-1.780259e-03,5.988104e-03,-7.155458e-03,5.350778e-03,8.825484e-03,-2.351716e-02,0.000000e+00,2.493025e-02,-3.503357e-02,1.306347e-01,-5.403584e-02,2.670334e-03,0.000000e+00,
682,-1.661367e-03,5.065388e-03,-5.721196e-03,4.646844e-03,1.276467e-02,-3.283203e-02,0.000000e+00,3.557617e-02,-4.164007e-02,1.324964e-01,-5.282436e-02,2.571773e-03,0.000000e+00,
683,-1.538745e-03,4.130324e-03,-4.280395e-03,3.924569e-03,1.653253e-02,-4.173310e-02,0.000000e+00,4.574816e-02,-4.791490e-02,1.341345e-01,-5.137993e-02,2.457407e-03,0.000000e+00,
684,-1.412451e-03,3.184477e-03,-2.835667e-03,3.184701e-03,2.011873e-02,-5.019568e-02,0.000000e+00,5.541965e-02,-5.384747e-02,1.355470e-01,-4.970195e-02,2.327318e-03,0.000000e+00,
685,-1.282073e-03,2.227272e-03,-1.387425e-03,2.427205e-03,2.351427e-02,-5.819901e-02,0.000000e+00,6.456835e-02,-5.942882e-02,1.367319e-01,-4.779011e-02,2.181599e-03,0.000000e+00,
686,-1.148092e-03,1.262067e-03,5.980072e-05,1.654472e-03,2.671549e-02,-6.573335e-02,0.000000e+00,7.318249e-02,-6.465359e-02,1.376884e-01,-4.564525e-02,2.020400e-03,0.000000e+00,
687,-1.010991e-03,2.925061e-04,1.500836e-03,8.696013e-04,2.971670e-02,-7.278563e-02,0.000000e+00,8.124790e-02,-6.951659e-02,1.384163e-01,-4.326873e-02,1.843929e-03,0.000000e+00,
688,-8.703184e-04,-6.825589e-04,2.936392e-03,7.198876e-05,3.251439e-02,-7.934735e-02,0.000000e+00,8.875519e-02,-7.401452e-02,1.389159e-01,-4.066218e-02,1.652438e-03,0.000000e+00,
689,-7.256662e-04,-1.664129e-03,4.367055e-03,-7.387705e-04,3.510577e-02,-8.541207e-02,0.000000e+00,9.569754e-02,-7.814539e-02,1.391879e-01,-3.782769e-02,1.446214e-03,0.000000e+00,
690,-5.775917e-04,-2.648296e-03,5.787406e-03,-1.559185e-03,3.748645e-02,-9.097062e-02,0.000000e+00,1.020659e-01,-8.190715e-02,1.392333e-01,-3.476787e-02,1.225571e-03,0.000000e+00,
691,-4.256216e-04,-3.636507e-03,7.198737e-03,-2.390008e-03,3.965621e-02,-9.602242e-02,0.000000e+00,1.078598e-01,-8.530067e-02,1.390541e-01,-3.148569e-02,9.908611e-04,0.000000e+00,
692,-2.709511e-04,-4.625024e-03,8.597709e-03,-3.229332e-03,4.161522e-02,-1.005681e-01,0.000000e+00,1.130802e-01,-8.832756e-02,1.386521e-01,-2.798446e-02,7.424391e-04,0.000000e+00,
693,-1.152739e-04,-5.607402e-03,9.977364e-03,-4.072499e-03,4.336407e-02,-1.046101e-01,0.000000e+00,1.177299e-01,-9.099077e-02,1.380302e-01,-2.426843e-02,4.807119e-04,0.000000e+00,
694,3.973458e-05,-6.577432e-03,1.133120e-02,-4.915143e-03,4.490517e-02,-1.081545e-01,0.000000e+00,1.218159e-01,-9.329481e-02,1.371915e-01,-2.034234e-02,2.061236e-04,0.000000e+00,
695,1.924336e-04,-7.529048e-03,1.265288e-02,-5.752992e-03,4.624120e-02,-1.112082e-01,0.000000e+00,1.253457e-01,-9.524464e-02,1.361397e-01,-1.621128e-02,-8.085829e-05,0.000000e+00,
696,3.411306e-04,-8.456053e-03,1.393600e-02,-6.581664e-03,4.737604e-02,-1.137809e-01,0.000000e+00,1.283297e-01,-9.684684e-02,1.348792e-01,-1.188133e-02,-3.796648e-04,0.000000e+00,
697,4.858924e-04,-9.357627e-03,1.517883e-02,-7.399157e-03,4.831251e-02,-1.158804e-01,0.000000e+00,1.307774e-01,-9.810812e-02,1.334150e-01,-7.358880e-03,-6.896715e-04,0.000000e+00,
698,6.267381e-04,-1.023299e-02,1.637997e-02,-8.203870e-03,4.905599e-02,-1.175198e-01,0.000000e+00,1.327030e-01,-9.903685e-02,1.317525e-01,-2.650962e-03,-1.010198e-03,0.000000e+00,
699,7.626984e-04,-1.107638e-02,1.753200e-02,-8.990344e-03,4.961091e-02,-1.187104e-01,0.000000e+00,1.341190e-01,-9.964105e-02,1.298973e-01,2.235135e-03,-1.340578e-03,0.000000e+00,
700,8.937955e-04,-1.188701e-02,1.863351e-02,-9.756933e-03,4.998313e-02,-1.194661e-01,0.000000e+00,1.350408e-01,-9.992995e-02,1.278554e-01,7.291661e-03,-1.680061e-03,0.000000e+00,
701,1.019526e-03,-1.266119e-02,1.967920e-02,-1.049907e-02,5.017809e-02,-1.198011e-01,0.000000e+00,1.354840e-01,-9.991305e-02,1.256330e-01,1.251058e-02,-2.027901e-03,0.000000e+00,
702,1.139340e-03,-1.339530e-02,2.066413e-02,-1.121260e-02,5.020386e-02,-1.197344e-01,0.000000e+00,1.354690e-01,-9.960161e-02,1.232371e-01,1.788303e-02,-2.383280e-03,0.000000e+00,
703,1.251422e-03,-1.408254e-02,2.158117e-02,-1.189222e-02,5.006570e-02,-1.192801e-01,0.000000e+00,1.350119e-01,-9.900617e-02,1.206745e-01,2.339985e-02,-2.745337e-03,0.000000e+00,
704,1.355980e-03,-1.472335e-02,2.243095e-02,-1.253766e-02,4.977237e-02,-1.184587e-01,0.000000e+00,1.341353e-01,-9.813968e-02,1.179536e-01,2.905093e-02,-3.113089e-03,0.000000e+00,
705,1.453027e-03,-1.531679e-02,2.321184e-02,-1.314666e-02,4.933106e-02,-1.172885e-01,0.000000e+00,1.328599e-01,-9.701518e-02,1.150828e-01,3.482562e-02,-3.485517e-03,0.000000e+00,
706,1.541212e-03,-1.585859e-02,2.392002e-02,-1.371633e-02,4.874683e-02,-1.157827e-01,0.000000e+00,1.312016e-01,-9.564431e-02,1.120705e-01,4.071321e-02,-3.861579e-03,0.000000e+00,
707,1.621940e-03,-1.635191e-02,2.455788e-02,-1.424732e-02,4.802505e-02,-1.139551e-01,0.000000e+00,1.291767e-01,-9.403875e-02,1.089252e-01,4.670316e-02,-4.240203e-03,0.000000e+00,
708,1.698350e-03,-1.680557e-02,2.513327e-02,-1.474360e-02,4.717315e-02,-1.118229e-01,0.000000e+00,1.268048e-01,-9.221099e-02,1.056555e-01,5.278491e-02,-4.620297e-03,0.000000e+00,
709,1.772484e-03,-1.722592e-02,2.565196e-02,-1.520775e-02,4.619633e-02,-1.093993e-01,0.000000e+00,1.241015e-01,-9.017236e-02,1.022702e-01,5.894775e-02,-5.000732e-03,0.000000e+00,
710,1.845440e-03,-1.761548e-02,2.611626e-02,-1.564056e-02,4.510438e-02,-1.067069e-01,0.000000e+00,1.210912e-01,-8.793699e-02,9.877828e-02,6.518029e-02,-5.380360e-03,0.000000e+00,
711,1.920204e-03,-1.798255e-02,2.653350e-02,-1.604565e-02,4.390549e-02,-1.037647e-01,0.000000e+00,1.177955e-01,-8.551857e-02,9.518934e-02,7.147080e-02,-5.757966e-03,0.000000e+00,
712,1.996933e-03,-1.832803e-02,2.690521e-02,-1.642336e-02,4.261024e-02,-1.005972e-01,0.000000e+00,1.142410e-01,-8.293267e-02,9.151343e-02,7.780674e-02,-6.132311e-03,0.000000e+00,
713,2.074880e-03,-1.865117e-02,2.723196e-02,-1.677353e-02,4.122963e-02,-9.722992e-02,0.000000e+00,1.104556e-01,-8.019558e-02,8.776107e-02,8.417486e-02,-6.502081e-03,0.000000e+00,
714,2.154296e-03,-1.895303e-02,2.751521e-02,-1.709617e-02,3.977351e-02,-9.368647e-02,0.000000e+00,1.064657e-01,-7.732347e-02,8.394280e-02,9.056212e-02,-6.865986e-03,0.000000e+00,
715,2.235546e-03,-1.923474e-02,2.775616e-02,-1.739117e-02,3.824882e-02,-8.998423e-02,0.000000e+00,1.022918e-01,-7.433060e-02,8.006884e-02,9.695562e-02,-7.222718e-03,0.000000e+00,
716,2.318975e-03,-1.949753e-02,2.795629e-02,-1.765860e-02,3.666459e-02,-8.614502e-02,0.000000e+00,9.795834e-02,-7.123214e-02,7.614939e-02,1.033424e-01,-7.570957e-03,0.000000e+00,
717,2.404070e-03,-1.974088e-02,2.811577e-02,-1.789778e-02,3.502762e-02,-8.218585e-02,0.000000e+00,9.348532e-02,-6.804212e-02,7.219460e-02,1.097093e-01,-7.909330e-03,0.000000e+00,
718,2.489639e-03,-1.996092e-02,2.823116e-02,-1.810593e-02,3.334448e-02,-7.812354e-02,0.000000e+00,8.889260e-02,-6.477465e-02,6.821467e-02,1.160429e-01,-8.236468e-03,0.000000e+00,
719,2.574517e-03,-2.015402e-02,2.829949e-02,-1.828077e-02,3.162353e-02,-7.397804e-02,0.000000e+00,8.420279e-02,-6.144467e-02,6.422009e-02,1.223294e-01,-8.550946e-03,0.000000e+00,
720,2.657599e-03,-2.031677e-02,2.831801e-02,-1.842016e-02,2.987295e-02,-6.976890e-02,0.000000e+00,7.943810e-02,-5.806686e-02,6.022119e-02,1.285551e-01,-8.851366e-03,0.000000e+00,
721,2.735047e-03,-2.043836e-02,2.827779e-02,-1.851853e-02,2.810040e-02,-6.551473e-02,0.000000e+00,7.461974e-02,-5.465549e-02,5.622790e-02,1.347066e-01,-9.136371e-03,0.000000e+00,
722,2.804733e-03,-2.051081e-02,2.817119e-02,-1.857088e-02,2.631277e-02,-6.123232e-02,0.000000e+00,6.976685e-02,-5.122341e-02,5.224930e-02,1.407714e-01,-9.404673e-03,0.000000e+00,
723,2.866099e-03,-2.053103e-02,2.799488e-02,-1.857476e-02,2.451637e-02,-5.693683e-02,0.000000e+00,6.489661e-02,-4.778200e-02,4.829358e-02,1.467382e-01,-9.655063e-03,0.000000e+00,
724,2.916464e-03,-2.049160e-02,2.774269e-02,-1.852618e-02,2.271669e-02,-5.264160e-02,0.000000e+00,6.002410e-02,-4.434126e-02,4.436795e-02,1.525966e-01,-9.886421e-03,0.000000e+00,
725,2.953890e-03,-2.038605e-02,2.740854e-02,-1.842114e-02,2.091836e-02,-4.835793e-02,0.000000e+00,5.516203e-02,-4.090961e-02,4.047858e-02,1.583374e-01,-1.009771e-02,0.000000e+00,
726,2.978966e-03,-2.021480e-02,2.699222e-02,-1.825897e-02,1.912833e-02,-4.410171e-02,0.000000e+00,5.032725e-02,-3.749608e-02,3.663148e-02,1.639516e-01,-1.028789e-02,0.000000e+00,
727,2.990324e-03,-1.997461e-02,2.649139e-02,-1.803791e-02,1.735311e-02,-3.988796e-02,0.000000e+00,4.553559e-02,-3.410907e-02,3.283212e-02,1.694311e-01,-1.045603e-02,0.000000e+00,
728,2.987485e-03,-1.966350e-02,2.590390e-02,-1.775624e-02,1.559637e-02,-3.572541e-02,0.000000e+00,4.079672e-02,-3.075475e-02,2.908520e-02,1.747685e-01,-1.060124e-02,0.000000e+00,
729,2.969954e-03,-1.927949e-02,2.522764e-02,-1.741226e-02,1.386205e-02,-3.162350e-02,0.000000e+00,3.612097e-02,-2.743935e-02,2.539521e-02,1.799570e-01,-1.072271e-02,0.000000e+00,
730,2.937280e-03,-1.882061e-02,2.446029e-02,-1.700394e-02,1.215241e-02,-2.758865e-02,0.000000e+00,3.151612e-02,-2.416847e-02,2.176648e-02,1.849900e-01,-1.081966e-02,0.000000e+00,
731,2.888762e-03,-1.828646e-02,2.360263e-02,-1.653179e-02,1.046738e-02,-2.362144e-02,0.000000e+00,2.698412e-02,-2.094556e-02,1.820244e-02,1.898625e-01,-1.089148e-02,0.000000e+00,
732,2.824786e-03,-1.767915e-02,2.265751e-02,-1.599753e-02,8.809186e-03,-1.972737e-02,0.000000e+00,2.253155e-02,-1.777529e-02,1.470659e-02,1.945698e-01,-1.093761e-02,0.000000e+00,
733,2.745893e-03,-1.700462e-02,2.163366e-02,-1.540677e-02,7.183018e-03,-1.591774e-02,0.000000e+00,1.817052e-02,-1.466386e-02,1.128262e-02,1.991075e-01,-1.095756e-02,0.000000e+00,
734,2.653790e-03,-1.627109e-02,2.054105e-02,-1.476587e-02,5.590759e-03,-1.219667e-02,0.000000e+00,1.390603e-02,-1.161498e-02,7.933507e-03,2.034726e-01,-1.095092e-02,0.000000e+00,
735,2.548765e-03,-1.548281e-02,1.938603e-02,-1.407882e-02,4.037607e-03,-8.575332e-03,0.000000e+00,9.749624e-03,-8.634077e-03,4.662173e-03,2.076617e-01,-1.091735e-02,0.000000e+00,
736,2.432078e-03,-1.464589e-02,1.817607e-02,-1.335023e-02,2.528677e-03,-5.064710e-03,0.000000e+00,5.712620e-03,-5.726423e-03,1.471547e-03,2.116716e-01,-1.085651e-02,0.000000e+00,
737,2.305045e-03,-1.376642e-02,1.691833e-02,-1.258455e-02,1.066427e-03,-1.670071e-03,0.000000e+00,1.800823e-03,-2.895518e-03,-1.635907e-03,2.154997e-01,-1.076807e-02,0.000000e+00,
738,2.168982e-03,-1.285031e-02,1.561958e-02,-1.178598e-02,-3.495793e-04,1.609566e-03,0.000000e+00,-1.986074e-03,-1.427275e-04,-4.658404e-03,2.191439e-01,-1.065178e-02,0.000000e+00,
739,2.025179e-03,-1.190365e-02,1.428703e-02,-1.095905e-02,-1.717525e-03,4.770441e-03,0.000000e+00,-5.643945e-03,2.529484e-03,-7.594187e-03,2.226024e-01,-1.050740e-02,0.000000e+00,
740,1.875514e-03,-1.093542e-02,1.293150e-02,-1.011101e-02,-3.037659e-03,7.813951e-03,0.000000e+00,-9.173753e-03,5.120373e-03,-1.044194e-02,2.258743e-01,-1.033478e-02,0.000000e+00,
741,1.721329e-03,-9.951695e-03,1.155992e-02,-9.246140e-03,-4.311004e-03,1.074207e-02,0.000000e+00,-1.257656e-02,7.629109e-03,-1.320065e-02,2.289590e-01,-1.013385e-02,0.000000e+00,
742,1.564081e-03,-8.958732e-03,1.017915e-02,-8.368753e-03,-5.541379e-03,1.356280e-02,0.000000e+00,-1.585926e-02,1.005677e-02,-1.586996e-02,2.318570e-01,-9.904639e-03,0.000000e+00,
743,1.404302e-03,-7.958638e-03,8.791525e-03,-7.480235e-03,-6.728115e-03,1.627423e-02,0.000000e+00,-1.901919e-02,1.240161e-02,-1.844919e-02,2.345684e-01,-9.647242e-03,0.000000e+00,
744,1.242648e-03,-6.954063e-03,7.400061e-03,-6.582492e-03,-7.870150e-03,1.887398e-02,0.000000e+00,-2.205354e-02,1.466201e-02,-2.093782e-02,2.370938e-01,-9.361813e-03,0.000000e+00,
745,1.079777e-03,-5.947563e-03,6.007591e-03,-5.677501e-03,-8.967826e-03,2.136301e-02,0.000000e+00,-2.496273e-02,1.683735e-02,-2.333554e-02,2.394339e-01,-9.048492e-03,0.000000e+00,
746,9.164167e-04,-4.941990e-03,4.617289e-03,-4.767553e-03,-1.002161e-02,2.374297e-02,0.000000e+00,-2.774826e-02,1.892763e-02,-2.564221e-02,2.415897e-01,-8.707446e-03,0.000000e+00,
747,7.532045e-04,-3.940084e-03,3.232478e-03,-3.855005e-03,-1.102922e-02,2.600962e-02,0.000000e+00,-3.040597e-02,2.093103e-02,-2.785720e-02,2.435613e-01,-8.338790e-03,0.000000e+00,
748,5.907624e-04,-2.944276e-03,1.855873e-03,-2.941843e-03,-1.199097e-02,2.816426e-02,0.000000e+00,-3.293699e-02,2.284732e-02,-2.998016e-02,2.453494e-01,-7.942647e-03,0.000000e+00,
749,4.296689e-04,-1.956773e-03,4.898663e-04,-2.029786e-03,-1.290787e-02,3.020938e-02,0.000000e+00,-3.534340e-02,2.467663e-02,-3.201107e-02,2.469549e-01,-7.519183e-03,0.000000e+00,
750,2.705280e-04,-9.799854e-04,-8.628477e-04,-1.120589e-03,-1.377971e-02,3.214455e-02,0.000000e+00,-3.762452e-02,2.641838e-02,-3.394990e-02,2.483788e-01,-7.068603e-03,0.000000e+00,
751,1.120897e-04,-1.048036e-05,-2.204913e-03,-2.129509e-04,-1.460661e-02,3.396996e-02,0.000000e+00,-3.978026e-02,2.807218e-02,-3.579682e-02,2.496224e-01,-6.591133e-03,0.000000e+00,
752,-4.682330e-05,9.546701e-04,-3.538144e-03,6.936135e-04,-1.538730e-02,3.568357e-02,0.000000e+00,-4.180888e-02,2.963763e-02,-3.755240e-02,2.506874e-01,-6.087085e-03,0.000000e+00,
753,-2.073978e-04,1.918416e-03,-4.864374e-03,1.599592e-03,-1.612062e-02,3.728357e-02,0.000000e+00,-4.370884e-02,3.111449e-02,-3.921729e-02,2.515755e-01,-5.556766e-03,0.000000e+00,
754,-3.707789e-04,2.883525e-03,-6.185223e-03,2.505327e-03,-1.680542e-02,3.876825e-02,0.000000e+00,-4.547875e-02,3.250255e-02,-4.079218e-02,2.522888e-01,-5.000496e-03,0.000000e+00,
755,-5.381806e-04,3.853007e-03,-7.502566e-03,3.411315e-03,-1.744069e-02,4.013619e-02,0.000000e+00,-4.711753e-02,3.380185e-02,-4.227786e-02,2.528291e-01,-4.418564e-03,0.000000e+00,
756,-7.089843e-04,4.824105e-03,-8.813027e-03,4.315045e-03,-1.802520e-02,4.138570e-02,0.000000e+00,-4.862391e-02,3.501250e-02,-4.367509e-02,2.531985e-01,-3.811276e-03,0.000000e+00,
757,-8.826373e-04,5.794595e-03,-1.011416e-02,5.214822e-03,-1.856018e-02,4.251975e-02,0.000000e+00,-5.000097e-02,3.613599e-02,-4.498496e-02,2.533994e-01,-3.178941e-03,0.000000e+00,
758,-1.058614e-03,6.762300e-03,-1.140350e-02,6.108961e-03,-1.904642e-02,4.354036e-02,0.000000e+00,-5.125080e-02,3.717354e-02,-4.620870e-02,2.534345e-01,-2.521918e-03,0.000000e+00,
759,-1.237551e-03,7.727762e-03,-1.268091e-02,6.997118e-03,-1.948741e-02,4.445517e-02,0.000000e+00,-5.238090e-02,3.812798e-02,-4.734779e-02,2.533064e-01,-1.840560e-03,0.000000e+00,
760,-1.420057e-03,8.691239e-03,-1.394569e-02,7.878599e-03,-1.988467e-02,4.526787e-02,0.000000e+00,-5.339519e-02,3.900137e-02,-4.840383e-02,2.530182e-01,-1.135291e-03,0.000000e+00,
761,-1.605813e-03,9.651703e-03,-1.519700e-02,8.752759e-03,-2.024167e-02,4.598607e-02,0.000000e+00,-5.430121e-02,3.979670e-02,-4.937848e-02,2.525730e-01,-4.065186e-04,0.000000e+00,
762,-1.794718e-03,1.060895e-02,-1.643485e-02,9.619552e-03,-2.056120e-02,4.661587e-02,0.000000e+00,-5.510494e-02,4.051644e-02,-5.027337e-02,2.519739e-01,3.453253e-04,0.000000e+00,
763,-1.986278e-03,1.156058e-02,-1.765629e-02,1.047666e-02,-2.084589e-02,4.716367e-02,0.000000e+00,-5.581294e-02,4.116337e-02,-5.109012e-02,2.512239e-01,1.119833e-03,0.000000e+00,
764,-2.177350e-03,1.249733e-02,-1.885283e-02,1.131896e-02,-2.109701e-02,4.763256e-02,0.000000e+00,-5.642834e-02,4.173924e-02,-5.183003e-02,2.503264e-01,1.916629e-03,0.000000e+00,
765,-2.366864e-03,1.341789e-02,-2.002473e-02,1.214696e-02,-2.131921e-02,4.803192e-02,0.000000e+00,-5.696002e-02,4.224714e-02,-5.249462e-02,2.492840e-01,2.735326e-03,0.000000e+00,
766,-2.554531e-03,1.432145e-02,-2.117136e-02,1.296018e-02,-2.151380e-02,4.836482e-02,0.000000e+00,-5.741126e-02,4.268887e-02,-5.308528e-02,2.480995e-01,3.575546e-03,0.000000e+00,
767,-2.739700e-03,1.520572e-02,-2.229032e-02,1.375698e-02,-2.168222e-02,4.863470e-02,0.000000e+00,-5.778560e-02,4.306613e-02,-5.360322e-02,2.467753e-01,4.436963e-03,0.000000e+00,
768,-2.921956e-03,1.606999e-02,-2.338163e-02,1.453755e-02,-2.182742e-02,4.884778e-02,0.000000e+00,-5.808926e-02,4.338155e-02,-5.404990e-02,2.453138e-01,5.319243e-03,0.000000e+00,
769,-3.104308e-03,1.692379e-02,-2.445405e-02,1.530671e-02,-2.195118e-02,4.900807e-02,0.000000e+00,-5.832649e-02,4.363694e-02,-5.442656e-02,2.437169e-01,6.222072e-03,0.000000e+00,
770,-3.285241e-03,1.776378e-02,-2.550532e-02,1.606312e-02,-2.205437e-02,4.911783e-02,0.000000e+00,-5.849978e-02,4.383368e-02,-5.473417e-02,2.419863e-01,7.145203e-03,0.000000e+00,
771,-3.463325e-03,1.858716e-02,-2.653406e-02,1.680625e-02,-2.213929e-02,4.918175e-02,0.000000e+00,-5.861360e-02,4.397346e-02,-5.497360e-02,2.401238e-01,8.088391e-03,0.000000e+00,
772,-3.640377e-03,1.939981e-02,-2.754587e-02,1.753956e-02,-2.220551e-02,4.919832e-02,0.000000e+00,-5.866650e-02,4.405608e-02,-5.514551e-02,2.381306e-01,9.051377e-03,0.000000e+00,
773,-3.817206e-03,2.020624e-02,-2.854622e-02,1.826658e-02,-2.225485e-02,4.917080e-02,0.000000e+00,-5.866138e-02,4.408250e-02,-5.525071e-02,2.360083e-01,1.003389e-02,0.000000e+00,
774,-3.992706e-03,2.100477e-02,-2.953469e-02,1.898744e-02,-2.228674e-02,4.909763e-02,0.000000e+00,-5.859689e-02,4.405290e-02,-5.529008e-02,2.337587e-01,1.103562e-02,0.000000e+00,
775,-4.168205e-03,2.179865e-02,-3.051328e-02,1.970288e-02,-2.229956e-02,4.897546e-02,0.000000e+00,-5.846986e-02,4.396676e-02,-5.526445e-02,2.313838e-01,1.205622e-02,0.000000e+00,
776,-4.345004e-03,2.259105e-02,-3.148396e-02,2.041359e-02,-2.229261e-02,4.880315e-02,0.000000e+00,-5.827959e-02,4.382479e-02,-5.517530e-02,2.288864e-01,1.309524e-02,0.000000e+00,
777,-4.521241e-03,2.337730e-02,-3.244305e-02,2.111720e-02,-2.227147e-02,4.859276e-02,0.000000e+00,-5.803760e-02,4.363123e-02,-5.502462e-02,2.262702e-01,1.415218e-02,0.000000e+00,
778,-4.696140e-03,2.415374e-02,-3.338587e-02,2.181026e-02,-2.223309e-02,4.833908e-02,0.000000e+00,-5.773968e-02,4.338606e-02,-5.481381e-02,2.235388e-01,1.522651e-02,0.000000e+00,
779,-4.869646e-03,2.492080e-02,-3.431341e-02,2.249339e-02,-2.217743e-02,4.804237e-02,0.000000e+00,-5.738655e-02,4.309048e-02,-5.454460e-02,2.206955e-01,1.631765e-02,0.000000e+00,
780,-5.041735e-03,2.567917e-02,-3.522699e-02,2.316746e-02,-2.210506e-02,4.770433e-02,0.000000e+00,-5.698047e-02,4.274633e-02,-5.421884e-02,2.177442e-01,1.742498e-02,0.000000e+00,
781,-5.212425e-03,2.642960e-02,-3.612796e-02,2.383337e-02,-2.201587e-02,4.732502e-02,0.000000e+00,-5.652199e-02,4.235476e-02,-5.383826e-02,2.146884e-01,1.854791e-02,0.000000e+00,
782,-5.381078e-03,2.716892e-02,-3.701207e-02,2.448786e-02,-2.190550e-02,4.689677e-02,0.000000e+00,-5.600485e-02,4.191537e-02,-5.340437e-02,2.115318e-01,1.968583e-02,0.000000e+00,
783,-5.547123e-03,2.789483e-02,-3.787677e-02,2.512914e-02,-2.177522e-02,4.642274e-02,0.000000e+00,-5.543237e-02,4.143017e-02,-5.291903e-02,2.082783e-01,2.083813e-02,0.000000e+00,
784,-5.709298e-03,2.860135e-02,-3.871457e-02,2.575176e-02,-2.162562e-02,4.590549e-02,0.000000e+00,-5.480753e-02,4.090123e-02,-5.238410e-02,2.049320e-01,2.200421e-02,0.000000e+00,
785,-5.866321e-03,2.928239e-02,-3.951789e-02,2.635021e-02,-2.145736e-02,4.534776e-02,0.000000e+00,-5.413345e-02,4.033073e-02,-5.180152e-02,2.014974e-01,2.318344e-02,0.000000e+00,
786,-6.015674e-03,2.992581e-02,-4.027193e-02,2.691435e-02,-2.127116e-02,4.475306e-02,0.000000e+00,-5.341429e-02,3.972150e-02,-5.117332e-02,1.979791e-01,2.437521e-02,0.000000e+00,
787,-6.155584e-03,3.052333e-02,-4.096700e-02,2.743780e-02,-2.106776e-02,4.412385e-02,0.000000e+00,-5.265291e-02,3.907566e-02,-5.050146e-02,1.943816e-01,2.557884e-02,0.000000e+00,
788,-6.285525e-03,3.107291e-02,-4.160088e-02,2.791901e-02,-2.084857e-02,4.346360e-02,0.000000e+00,-5.185302e-02,3.839556e-02,-4.978814e-02,1.907095e-01,2.679361e-02,0.000000e+00,
789,-6.405014e-03,3.157267e-02,-4.217154e-02,2.835652e-02,-2.061519e-02,4.277611e-02,0.000000e+00,-5.101873e-02,3.768383e-02,-4.903580e-02,1.869679e-01,2.801871e-02,0.000000e+00,
790,-6.512242e-03,3.201430e-02,-4.266930e-02,2.874398e-02,-2.036863e-02,4.206455e-02,0.000000e+00,-5.015367e-02,3.694312e-02,-4.824694e-02,1.831623e-01,2.925330e-02,0.000000e+00,
791,-6.606683e-03,3.239550e-02,-4.309133e-02,2.907914e-02,-2.010785e-02,4.132778e-02,0.000000e+00,-4.925742e-02,3.617477e-02,-4.742386e-02,1.792979e-01,3.049652e-02,0.000000e+00,
792,-6.687687e-03,3.271364e-02,-4.343452e-02,2.935954e-02,-1.983309e-02,4.056776e-02,0.000000e+00,-4.833285e-02,3.538140e-02,-4.656912e-02,1.753801e-01,3.174749e-02,0.000000e+00,
793,-6.753331e-03,3.296000e-02,-4.368875e-02,2.957821e-02,-1.954641e-02,3.979062e-02,0.000000e+00,-4.738674e-02,3.456670e-02,-4.568530e-02,1.714143e-01,3.300537e-02,0.000000e+00,
794,-6.799484e-03,3.311894e-02,-4.383757e-02,2.972453e-02,-1.925011e-02,3.900342e-02,0.000000e+00,-4.642694e-02,3.373486e-02,-4.477488e-02,1.674064e-01,3.426933e-02,0.000000e+00,
795,-6.825558e-03,3.318841e-02,-4.387892e-02,2.979679e-02,-1.894783e-02,3.821482e-02,0.000000e+00,-4.546229e-02,3.288985e-02,-4.384033e-02,1.633612e-01,3.553856e-02,0.000000e+00,
796,-6.830999e-03,3.316634e-02,-4.381064e-02,2.979344e-02,-1.864155e-02,3.742954e-02,0.000000e+00,-4.449783e-02,3.203444e-02,-4.288383e-02,1.592832e-01,3.681227e-02,0.000000e+00,
797,-6.815340e-03,3.305101e-02,-4.363088e-02,2.971317e-02,-1.833251e-02,3.665059e-02,0.000000e+00,-4.353676e-02,3.117065e-02,-4.190736e-02,1.551770e-01,3.808962e-02,0.000000e+00,
798,-6.777507e-03,3.283686e-02,-4.333220e-02,2.955035e-02,-1.801673e-02,3.587153e-02,0.000000e+00,-4.257394e-02,3.029844e-02,-4.091247e-02,1.510465e-01,3.936985e-02,0.000000e+00,
799,-6.718588e-03,3.252511e-02,-4.291323e-02,2.930283e-02,-1.768989e-02,3.508486e-02,0.000000e+00,-4.160299e-02,2.941712e-02,-3.990068e-02,1.468959e-01,4.065213e-02,0.000000e+00,
800,-6.637413e-03,3.210971e-02,-4.236582e-02,2.896445e-02,-1.734680e-02,3.428191e-02,0.000000e+00,-4.061680e-02,2.852607e-02,-3.887344e-02,1.427294e-01,4.193562e-02,0.000000e+00,
801,-6.532783e-03,3.158487e-02,-4.168251e-02,2.852956e-02,-1.698589e-02,3.346130e-02,0.000000e+00,-3.961486e-02,2.762640e-02,-3.783248e-02,1.385516e-01,4.321948e-02,0.000000e+00,
802,-6.403423e-03,3.094447e-02,-4.085546e-02,2.799221e-02,-1.660589e-02,3.262240e-02,0.000000e+00,-3.859747e-02,2.671975e-02,-3.677995e-02,1.343678e-01,4.450275e-02,0.000000e+00,
803,-6.248725e-03,3.018626e-02,-3.988224e-02,2.735070e-02,-1.620829e-02,3.176882e-02,0.000000e+00,-3.756849e-02,2.580853e-02,-3.571819e-02,1.301833e-01,4.578444e-02,0.000000e+00,
804,-6.069277e-03,2.930994e-02,-3.876113e-02,2.660365e-02,-1.579157e-02,3.089775e-02,0.000000e+00,-3.652564e-02,2.489332e-02,-3.464926e-02,1.260031e-01,4.706357e-02,0.000000e+00,
805,-5.868468e-03,2.832560e-02,-3.750148e-02,2.575682e-02,-1.535524e-02,3.000744e-02,0.000000e+00,-3.546744e-02,2.397472e-02,-3.357539e-02,1.218320e-01,4.833908e-02,0.000000e+00,
806,-5.648965e-03,2.724412e-02,-3.611646e-02,2.481981e-02,-1.489984e-02,2.909676e-02,0.000000e+00,-3.439276e-02,2.305324e-02,-3.249873e-02,1.176743e-01,4.960991e-02,0.000000e+00,
807,-5.414245e-03,2.608101e-02,-3.462568e-02,2.380690e-02,-1.443038e-02,2.817292e-02,0.000000e+00,-3.330797e-02,2.213120e-02,-3.142142e-02,1.135335e-01,5.087514e-02,0.000000e+00,
808,-5.168456e-03,2.485504e-02,-3.305277e-02,2.273535e-02,-1.394892e-02,2.723626e-02,0.000000e+00,-3.221305e-02,2.120892e-02,-3.034512e-02,1.094125e-01,5.213384e-02,0.000000e+00,
809,-4.918498e-03,2.359917e-02,-3.143866e-02,2.163369e-02,-1.346241e-02,2.629621e-02,0.000000e+00,-3.111645e-02,2.028891e-02,-2.927184e-02,1.053131e-01,5.338513e-02,0.000000e+00,
810,-4.667474e-03,2.233091e-02,-2.980717e-02,2.051946e-02,-1.297611e-02,2.535999e-02,0.000000e+00,-3.002482e-02,1.937338e-02,-2.820310e-02,1.012372e-01,5.462826e-02,0.000000e+00,
811,-4.419341e-03,2.107103e-02,-2.818434e-02,1.941042e-02,-1.249451e-02,2.443425e-02,0.000000e+00,-2.894440e-02,1.846432e-02,-2.714021e-02,9.718593e-02,5.586254e-02,0.000000e+00,
812,-4.178529e-03,1.983846e-02,-2.659181e-02,1.832083e-02,-1.201717e-02,2.351623e-02,0.000000e+00,-2.787269e-02,1.756117e-02,-2.608381e-02,9.316012e-02,5.708736e-02,0.000000e+00,
813,-3.948798e-03,1.864890e-02,-2.504724e-02,1.726206e-02,-1.154650e-02,2.260973e-02,0.000000e+00,-2.681337e-02,1.666519e-02,-2.503491e-02,8.916098e-02,5.830211e-02,0.000000e+00,
814,-3.730136e-03,1.750262e-02,-2.355104e-02,1.623440e-02,-1.108255e-02,2.171485e-02,0.000000e+00,-2.576663e-02,1.577665e-02,-2.399382e-02,8.518965e-02,5.950631e-02,0.000000e+00,
815,-3.521535e-03,1.639796e-02,-2.210229e-02,1.523740e-02,-1.062296e-02,2.082656e-02,0.000000e+00,-2.472775e-02,1.489444e-02,-2.296070e-02,8.124729e-02,6.069949e-02,0.000000e+00,
816,-3.322001e-03,1.532983e-02,-2.069469e-02,1.426702e-02,-1.016491e-02,1.993930e-02,0.000000e+00,-2.369163e-02,1.401744e-02,-2.193562e-02,7.733522e-02,6.188118e-02,0.000000e+00,
817,-3.127790e-03,1.428625e-02,-1.931673e-02,1.331645e-02,-9.708205e-03,1.905298e-02,0.000000e+00,-2.265813e-02,1.314596e-02,-2.091884e-02,7.345527e-02,6.305088e-02,0.000000e+00,
818,-2.936334e-03,1.325754e-02,-1.795816e-02,1.237946e-02,-9.250128e-03,1.816231e-02,0.000000e+00,-2.162241e-02,1.227897e-02,-1.991030e-02,6.960871e-02,6.420815e-02,0.000000e+00,
819,-2.745177e-03,1.223468e-02,-1.660965e-02,1.145037e-02,-8.790124e-03,1.726665e-02,0.000000e+00,-2.058408e-02,1.141684e-02,-1.891030e-02,6.579731e-02,6.535245e-02,0.000000e+00,
820,-2.554229e-03,1.121698e-02,-1.527055e-02,1.052891e-02,-8.329214e-03,1.636819e-02,0.000000e+00,-1.954535e-02,1.056045e-02,-1.791928e-02,6.202246e-02,6.648323e-02,0.000000e+00,
821,-2.362993e-03,1.020189e-02,-1.393817e-02,9.613506e-03,-7.870746e-03,1.547411e-02,0.000000e+00,-1.851311e-02,9.712076e-03,-1.693782e-02,5.828573e-02,6.759998e-02,0.000000e+00,
822,-2.172389e-03,9.192168e-03,-1.261499e-02,8.705599e-03,-7.414175e-03,1.458346e-02,0.000000e+00,-1.748684e-02,8.871892e-03,-1.596628e-02,5.458822e-02,6.870216e-02,0.000000e+00,
823,-1.981901e-03,8.187080e-03,-1.130102e-02,7.805356e-03,-6.961295e-03,1.370009e-02,0.000000e+00,-1.647034e-02,8.041288e-03,-1.500516e-02,5.093133e-02,6.978926e-02,0.000000e+00,
824,-1.790873e-03,7.185258e-03,-9.995429e-03,6.912428e-03,-6.511779e-03,1.282334e-02,0.000000e+00,-1.546313e-02,7.220359e-03,-1.405471e-02,4.731622e-02,7.086076e-02,0.000000e+00,
825,-1.599086e-03,6.186654e-03,-8.698584e-03,6.027135e-03,-6.065610e-03,1.195318e-02,0.000000e+00,-1.446532e-02,6.409365e-03,-1.311522e-02,4.374405e-02,7.191616e-02,0.000000e+00,
826,-1.407457e-03,5.195441e-03,-7.415193e-03,5.152449e-03,-5.621688e-03,1.108719e-02,0.000000e+00,-1.347479e-02,5.607945e-03,-1.218705e-02,4.021604e-02,7.295482e-02,0.000000e+00,
827,-1.217167e-03,4.215252e-03,-6.148518e-03,4.290298e-03,-5.178850e-03,1.022276e-02,0.000000e+00,-1.248917e-02,4.815587e-03,-1.127045e-02,3.673334e-02,7.397618e-02,0.000000e+00,
828,-1.029732e-03,3.251202e-03,-4.903491e-03,3.443593e-03,-4.737387e-03,9.360361e-03,0.000000e+00,-1.150898e-02,4.032601e-03,-1.036586e-02,3.329716e-02,7.497963e-02,0.000000e+00,
829,-8.471535e-04,2.310269e-03,-3.686782e-03,2.616242e-03,-4.296181e-03,8.497358e-03,0.000000e+00,-1.053177e-02,3.258386e-03,-9.473569e-03,2.990855e-02,7.596457e-02,0.000000e+00,
830,-6.697059e-04,1.394353e-03,-2.500978e-03,1.809904e-03,-3.858632e-03,7.640701e-03,0.000000e+00,-9.564062e-03,2.494980e-03,-8.594266e-03,2.656907e-02,7.693040e-02,0.000000e+00,
831,-4.969142e-04,5.026396e-04,-1.345803e-03,1.024572e-03,-3.425171e-03,6.791081e-03,0.000000e+00,-8.606409e-03,1.742646e-03,-7.728220e-03,2.327996e-02,7.787659e-02,0.000000e+00,
832,-3.294865e-04,-3.620174e-04,-2.242305e-04,2.620337e-04,-2.995804e-03,5.948398e-03,0.000000e+00,-7.658796e-03,1.001585e-03,-6.875841e-03,2.004254e-02,7.880255e-02,0.000000e+00,
833,-1.681894e-04,-1.196410e-03,8.602821e-04,-4.755679e-04,-2.571160e-03,5.113621e-03,0.000000e+00,-6.722016e-03,2.721009e-04,-6.037516e-03,1.685811e-02,7.970766e-02,0.000000e+00,
834,-1.330427e-05,-1.999537e-03,1.906684e-03,-1.187560e-03,-2.151283e-03,4.286813e-03,0.000000e+00,-5.796234e-03,-4.454981e-04,-5.213668e-03,1.372813e-02,8.059133e-02,0.000000e+00,
835,1.338164e-04,-2.767323e-03,2.911546e-03,-1.871991e-03,-1.732723e-03,3.460709e-03,0.000000e+00,-4.874794e-03,-1.152863e-03,-4.404445e-03,1.065373e-02,8.145292e-02,0.000000e+00,
836,2.718061e-04,-3.495404e-03,3.870943e-03,-2.526604e-03,-1.313564e-03,2.631312e-03,0.000000e+00,-3.954173e-03,-1.850709e-03,-3.610163e-03,7.636204e-03,8.229180e-02,0.000000e+00,
837,4.012355e-04,-4.186431e-03,4.787840e-03,-3.153230e-03,-8.955943e-04,1.802431e-03,0.000000e+00,-3.037946e-03,-2.537798e-03,-2.831280e-03,4.677178e-03,8.310736e-02,0.000000e+00,
838,5.219204e-04,-4.839600e-03,5.661332e-03,-3.751325e-03,-4.787125e-04,9.740629e-04,0.000000e+00,-2.126427e-03,-3.213652e-03,-2.068261e-03,1.778175e-03,8.389898e-02,0.000000e+00,
839,6.344341e-04,-5.458008e-03,6.495223e-03,-4.323313e-03,-6.232752e-05,1.452365e-04,0.000000e+00,-1.218864e-03,-3.878163e-03,-1.321391e-03,-1.059253e-03,8.466604e-02,0.000000e+00,
840,7.384917e-04,-6.040329e-03,7.287796e-03,-4.868029e-03,3.511447e-04,-6.792432e-04,0.000000e+00,-3.196925e-04,-4.529931e-03,-5.912271e-04,-3.833540e-03,8.540791e-02,0.000000e+00,
841,8.338308e-04,-6.585481e-03,8.037812e-03,-5.384823e-03,7.605777e-04,-1.496760e-03,0.000000e+00,5.684780e-04,-5.167920e-03,1.216366e-04,-6.542916e-03,8.612389e-02,0.000000e+00,
842,9.211721e-04,-7.094652e-03,8.745787e-03,-5.873906e-03,1.165743e-03,-2.306831e-03,0.000000e+00,1.445088e-03,-5.791646e-03,8.167108e-04,-9.185570e-03,8.681329e-02,0.000000e+00,
843,1.001162e-03,-7.568446e-03,9.411414e-03,-6.334895e-03,1.565963e-03,-3.108360e-03,0.000000e+00,2.309258e-03,-6.400682e-03,1.493519e-03,-1.175970e-02,8.747538e-02,0.000000e+00,
844,1.073676e-03,-8.003482e-03,1.002959e-02,-6.764569e-03,1.959692e-03,-3.898103e-03,0.000000e+00,3.157843e-03,-6.993893e-03,2.151383e-03,-1.426351e-02,8.810942e-02,0.000000e+00,
845,1.139426e-03,-8.400553e-03,1.060022e-02,-7.162723e-03,2.346558e-03,-4.675344e-03,0.000000e+00,3.990088e-03,-7.570743e-03,2.789778e-03,-1.669512e-02,8.871466e-02,0.000000e+00,
846,1.199120e-03,-8.760251e-03,1.112274e-02,-7.528644e-03,2.724885e-03,-5.437177e-03,0.000000e+00,4.803465e-03,-8.130448e-03,3.408312e-03,-1.905289e-02,8.929039e-02,0.000000e+00,
847,1.251706e-03,-9.077216e-03,1.159065e-02,-7.858124e-03,3.093884e-03,-6.182392e-03,0.000000e+00,5.596837e-03,-8.672527e-03,4.006455e-03,-2.133532e-02,8.983588e-02,0.000000e+00,
848,1.297045e-03,-9.350366e-03,1.200230e-02,-8.150079e-03,3.450467e-03,-6.904533e-03,0.000000e+00,6.364019e-03,-9.195025e-03,4.583606e-03,-2.354072e-02,9.035045e-02,0.000000e+00,
849,1.336112e-03,-9.584297e-03,1.236293e-02,-8.407590e-03,3.793246e-03,-7.600900e-03,0.000000e+00,7.102559e-03,-9.696989e-03,5.139349e-03,-2.566732e-02,9.083347e-02,0.000000e+00,
850,1.369922e-03,-9.783979e-03,1.267843e-02,-8.634410e-03,4.122566e-03,-8.271836e-03,0.000000e+00,7.812618e-03,-1.017812e-02,5.673400e-03,-2.771351e-02,9.128435e-02,0.000000e+00,
851,1.398353e-03,-9.948733e-03,1.294796e-02,-8.829965e-03,4.438231e-03,-8.916991e-03,0.000000e+00,8.493811e-03,-1.063812e-02,6.185448e-03,-2.967815e-02,9.170258e-02,0.000000e+00,
852,1.421316e-03,-1.007810e-02,1.317094e-02,-8.993867e-03,4.740085e-03,-9.536083e-03,0.000000e+00,9.145837e-03,-1.107679e-02,6.675273e-03,-3.156041e-02,9.208783e-02,0.000000e+00,
853,1.438786e-03,-1.017246e-02,1.334838e-02,-9.127024e-03,5.032972e-03,-1.013870e-02,0.000000e+00,9.777505e-03,-1.149654e-02,7.143205e-03,-3.336027e-02,9.243991e-02,0.000000e+00,
854,1.449671e-03,-1.022641e-02,1.347378e-02,-9.225286e-03,5.316178e-03,-1.072376e-02,0.000000e+00,1.038789e-02,-1.189717e-02,7.589049e-03,-3.507777e-02,9.275883e-02,0.000000e+00,
855,1.452900e-03,-1.023468e-02,1.354085e-02,-9.284612e-03,5.589241e-03,-1.129078e-02,0.000000e+00,1.097674e-02,-1.227897e-02,8.013013e-03,-3.671385e-02,9.304481e-02,0.000000e+00,
856,1.448572e-03,-1.019787e-02,1.355035e-02,-9.305507e-03,5.852210e-03,-1.183984e-02,0.000000e+00,1.154422e-02,-1.264216e-02,8.415353e-03,-3.826942e-02,9.329824e-02,0.000000e+00,
857,1.436846e-03,-1.011687e-02,1.350336e-02,-9.288692e-03,6.105069e-03,-1.237085e-02,0.000000e+00,1.209030e-02,-1.298684e-02,8.796239e-03,-3.974532e-02,9.351953e-02,0.000000e+00,
858,1.417868e-03,-9.991962e-03,1.339967e-02,-9.233784e-03,6.342679e-03,-1.287357e-02,0.000000e+00,1.260561e-02,-1.331052e-02,9.155400e-03,-4.114202e-02,9.370909e-02,0.000000e+00,
859,1.392964e-03,-9.830090e-03,1.324794e-02,-9.146620e-03,6.568028e-03,-1.335312e-02,0.000000e+00,1.309473e-02,-1.361462e-02,9.493627e-03,-4.246090e-02,9.386746e-02,0.000000e+00,
860,1.362280e-03,-9.632063e-03,1.304916e-02,-9.027863e-03,6.781116e-03,-1.380943e-02,0.000000e+00,1.355765e-02,-1.389924e-02,9.811070e-03,-4.370270e-02,9.399502e-02,0.000000e+00,
861,1.325935e-03,-9.398599e-03,1.280424e-02,-8.878129e-03,6.981837e-03,-1.424219e-02,0.000000e+00,1.399406e-02,-1.416426e-02,1.010775e-02,-4.486810e-02,9.409218e-02,0.000000e+00,
862,1.284033e-03,-9.130038e-03,1.251334e-02,-8.697560e-03,7.167310e-03,-1.464521e-02,0.000000e+00,1.439812e-02,-1.440814e-02,1.038366e-02,-4.595797e-02,9.415938e-02,0.000000e+00,
863,1.236672e-03,-8.827361e-03,1.217801e-02,-8.487164e-03,7.340646e-03,-1.502504e-02,0.000000e+00,1.477613e-02,-1.463284e-02,1.063935e-02,-4.697372e-02,9.419718e-02,0.000000e+00,
864,1.182800e-03,-8.485247e-03,1.179164e-02,-8.242463e-03,7.499237e-03,-1.537733e-02,0.000000e+00,1.512444e-02,-1.483775e-02,1.087486e-02,-4.791670e-02,9.420614e-02,0.000000e+00,
865,1.122550e-03,-8.104293e-03,1.135476e-02,-7.963850e-03,7.640308e-03,-1.569605e-02,0.000000e+00,1.543736e-02,-1.502134e-02,1.109022e-02,-4.878826e-02,9.418696e-02,0.000000e+00,
866,1.056097e-03,-7.685930e-03,1.086951e-02,-7.652808e-03,7.767414e-03,-1.598832e-02,0.000000e+00,1.572145e-02,-1.518567e-02,1.128622e-02,-4.959052e-02,9.414044e-02,0.000000e+00,
867,9.836397e-04,-7.231659e-03,1.033808e-02,-7.310757e-03,7.883817e-03,-1.626101e-02,0.000000e+00,1.598340e-02,-1.533305e-02,1.146375e-02,-5.032578e-02,9.406747e-02,0.000000e+00,
868,9.053955e-04,-6.742749e-03,9.762067e-03,-6.938764e-03,7.989893e-03,-1.651484e-02,0.000000e+00,1.622410e-02,-1.546419e-02,1.162350e-02,-5.099624e-02,9.396891e-02,0.000000e+00,
869,8.215577e-04,-6.220130e-03,9.142439e-03,-6.537499e-03,8.083292e-03,-1.674472e-02,0.000000e+00,1.643876e-02,-1.557801e-02,1.176578e-02,-5.160384e-02,9.384567e-02,0.000000e+00,
870,7.323194e-04,-5.665022e-03,8.480791e-03,-6.108025e-03,8.164630e-03,-1.695186e-02,0.000000e+00,1.662868e-02,-1.567523e-02,1.189119e-02,-5.215072e-02,9.369864e-02,0.000000e+00,
871,6.388410e-04,-5.083098e-03,7.783695e-03,-5.654520e-03,8.231467e-03,-1.713096e-02,0.000000e+00,1.678916e-02,-1.575491e-02,1.200027e-02,-5.263883e-02,9.352875e-02,0.000000e+00,
872,5.413276e-04,-4.475890e-03,7.053379e-03,-5.178511e-03,8.287002e-03,-1.728844e-02,0.000000e+00,1.692621e-02,-1.581912e-02,1.209392e-02,-5.307062e-02,9.333692e-02,0.000000e+00,
873,4.399703e-04,-3.844608e-03,6.291415e-03,-4.681055e-03,8.331558e-03,-1.742485e-02,0.000000e+00,1.704046e-02,-1.586838e-02,1.217276e-02,-5.344839e-02,9.312412e-02,0.000000e+00,
874,3.349033e-04,-3.190556e-03,5.499824e-03,-4.163549e-03,8.368460e-03,-1.754689e-02,0.000000e+00,1.713814e-02,-1.590470e-02,1.223765e-02,-5.377468e-02,9.289132e-02,0.000000e+00,
875,2.263375e-04,-2.515287e-03,4.680831e-03,-3.627464e-03,8.400631e-03,-1.766064e-02,0.000000e+00,1.722517e-02,-1.593021e-02,1.228951e-02,-5.405217e-02,9.263957e-02,0.000000e+00,
876,1.135009e-04,-1.815294e-03,3.830423e-03,-3.070350e-03,8.428222e-03,-1.776644e-02,0.000000e+00,1.730185e-02,-1.594533e-02,1.232886e-02,-5.428343e-02,9.236990e-02,0.000000e+00,
877,-3.438394e-06,-1.091371e-03,2.949306e-03,-2.492683e-03,8.447247e-03,-1.785593e-02,0.000000e+00,1.736054e-02,-1.594830e-02,1.235597e-02,-5.447080e-02,9.208346e-02,0.000000e+00,
878,-1.243675e-04,-3.444156e-04,2.038657e-03,-1.895299e-03,8.456819e-03,-1.792706e-02,0.000000e+00,1.739934e-02,-1.593888e-02,1.237138e-02,-5.461693e-02,9.178138e-02,0.000000e+00,
879,-2.491202e-04,4.244216e-04,1.100021e-03,-1.279238e-03,8.457305e-03,-1.798055e-02,0.000000e+00,1.741911e-02,-1.591777e-02,1.237581e-02,-5.472439e-02,9.146476e-02,0.000000e+00,
880,-3.778237e-04,1.213722e-03,1.361098e-04,-6.465890e-04,8.449772e-03,-1.801804e-02,0.000000e+00,1.742128e-02,-1.588565e-02,1.236997e-02,-5.479568e-02,9.113463e-02,0.000000e+00,
881,-5.097690e-04,2.019681e-03,-8.483907e-04,-4.663570e-07,8.435015e-03,-1.804078e-02,0.000000e+00,1.740713e-02,-1.584321e-02,1.235457e-02,-5.483301e-02,9.079192e-02,0.000000e+00,
882,-6.442550e-04,2.838479e-03,-1.848638e-03,6.558873e-04,8.415638e-03,-1.805369e-02,0.000000e+00,1.738124e-02,-1.579199e-02,1.233040e-02,-5.483847e-02,9.043749e-02,0.000000e+00,
883,-7.804831e-04,3.666033e-03,-2.859590e-03,1.319107e-03,8.393893e-03,-1.806095e-02,0.000000e+00,1.734746e-02,-1.573325e-02,1.229812e-02,-5.481390e-02,9.007214e-02,0.000000e+00,
884,-9.175343e-04,4.497953e-03,-3.876061e-03,1.985771e-03,8.370414e-03,-1.806342e-02,0.000000e+00,1.730670e-02,-1.566749e-02,1.225831e-02,-5.476116e-02,8.969675e-02,0.000000e+00,
885,-1.054129e-03,5.329650e-03,-4.893328e-03,2.653006e-03,8.346856e-03,-1.806447e-02,0.000000e+00,1.726227e-02,-1.559600e-02,1.221173e-02,-5.468243e-02,8.931226e-02,0.000000e+00,
886,-1.190916e-03,6.163042e-03,-5.913182e-03,3.321950e-03,8.323135e-03,-1.806420e-02,0.000000e+00,1.721455e-02,-1.551941e-02,1.215904e-02,-5.458044e-02,8.891975e-02,0.000000e+00,
887,-1.328519e-03,6.999732e-03,-6.937012e-03,3.993511e-03,8.298903e-03,-1.806234e-02,0.000000e+00,1.716373e-02,-1.543845e-02,1.210101e-02,-5.445815e-02,8.852042e-02,0.000000e+00,
888,-1.467597e-03,7.841424e-03,-7.966399e-03,4.668703e-03,8.272190e-03,-1.805518e-02,0.000000e+00,1.710673e-02,-1.535288e-02,1.203825e-02,-5.431848e-02,8.811550e-02,0.000000e+00,
889,-1.608936e-03,8.689930e-03,-9.002746e-03,5.348382e-03,8.242811e-03,-1.804260e-02,0.000000e+00,1.704375e-02,-1.526335e-02,1.197151e-02,-5.416451e-02,8.770623e-02,0.000000e+00,
890,-1.752859e-03,9.546403e-03,-1.004725e-02,6.033348e-03,8.210836e-03,-1.802508e-02,0.000000e+00,1.697554e-02,-1.517066e-02,1.190156e-02,-5.399924e-02,8.729384e-02,0.000000e+00,
891,-1.898616e-03,1.040820e-02,-1.109719e-02,6.721869e-03,8.176403e-03,-1.800283e-02,0.000000e+00,1.690250e-02,-1.507535e-02,1.182911e-02,-5.382521e-02,8.687941e-02,0.000000e+00,
892,-2.046101e-03,1.127406e-02,-1.215076e-02,7.412697e-03,8.139898e-03,-1.797640e-02,0.000000e+00,1.682516e-02,-1.497786e-02,1.175475e-02,-5.364462e-02,8.646388e-02,0.000000e+00,
893,-2.194626e-03,1.214172e-02,-1.320556e-02,8.104303e-03,8.103316e-03,-1.794979e-02,0.000000e+00,1.674732e-02,-1.487957e-02,1.167921e-02,-5.345958e-02,8.604806e-02,0.000000e+00,
894,-2.344107e-03,1.301043e-02,-1.426062e-02,8.796028e-03,8.066819e-03,-1.792332e-02,0.000000e+00,1.666941e-02,-1.478087e-02,1.160296e-02,-5.327167e-02,8.563259e-02,0.000000e+00,
895,-2.495056e-03,1.388095e-02,-1.531625e-02,9.488028e-03,8.028728e-03,-1.789362e-02,0.000000e+00,1.658846e-02,-1.468125e-02,1.152622e-02,-5.308211e-02,8.521796e-02,0.000000e+00,
896,-2.647361e-03,1.475267e-02,-1.637170e-02,1.017981e-02,7.989136e-03,-1.786082e-02,0.000000e+00,1.650467e-02,-1.458086e-02,1.144918e-02,-5.289166e-02,8.480454e-02,0.000000e+00,
897,-2.800282e-03,1.562389e-02,-1.742568e-02,1.087058e-02,7.948111e-03,-1.782502e-02,0.000000e+00,1.641814e-02,-1.447980e-02,1.137199e-02,-5.270085e-02,8.439259e-02,0.000000e+00,
898,-2.953692e-03,1.649427e-02,-1.847803e-02,1.156030e-02,7.903698e-03,-1.778224e-02,0.000000e+00,1.632530e-02,-1.437717e-02,1.129455e-02,-5.250991e-02,8.398229e-02,0.000000e+00,
899,-3.106887e-03,1.736232e-02,-1.952771e-02,1.224841e-02,7.855570e-03,-1.773197e-02,0.000000e+00,1.622586e-02,-1.427300e-02,1.121693e-02,-5.231899e-02,8.357375e-02,0.000000e+00,
900,-3.259205e-03,1.822656e-02,-2.057369e-02,1.293431e-02,7.803613e-03,-1.767395e-02,0.000000e+00,1.611963e-02,-1.416724e-02,1.113913e-02,-5.212818e-02,8.316707e-02,0.000000e+00,
901,-3.410008e-03,1.908374e-02,-2.161202e-02,1.361549e-02,7.748133e-03,-1.760859e-02,0.000000e+00,1.600695e-02,-1.405997e-02,1.106131e-02,-5.193761e-02,8.276231e-02,0.000000e+00,
902,-3.559338e-03,1.993391e-02,-2.264271e-02,1.429194e-02,7.689076e-03,-1.753578e-02,0.000000e+00,1.588776e-02,-1.395120e-02,1.098349e-02,-5.174737e-02,8.235950e-02,0.000000e+00,
903,-3.707278e-03,2.077711e-02,-2.366560e-02,1.496356e-02,7.628184e-03,-1.745924e-02,0.000000e+00,1.576558e-02,-1.384201e-02,1.090591e-02,-5.155777e-02,8.195868e-02,0.000000e+00,
904,-3.853934e-03,2.161206e-02,-2.467849e-02,1.562886e-02,7.564446e-03,-1.737659e-02,0.000000e+00,1.563808e-02,-1.373166e-02,1.082853e-02,-5.136880e-02,8.155987e-02,0.000000e+00,
905,-3.999355e-03,2.243894e-02,-2.568160e-02,1.628796e-02,7.497980e-03,-1.728805e-02,0.000000e+00,1.550544e-02,-1.362020e-02,1.075135e-02,-5.118049e-02,8.116308e-02,0.000000e+00,
906,-4.144152e-03,2.326084e-02,-2.667854e-02,1.694310e-02,7.429215e-03,-1.719461e-02,0.000000e+00,1.536865e-02,-1.350798e-02,1.067435e-02,-5.099287e-02,8.076826e-02,0.000000e+00,
907,-4.288261e-03,2.407786e-02,-2.766971e-02,1.759455e-02,7.356223e-03,-1.709239e-02,0.000000e+00,1.522418e-02,-1.339408e-02,1.059736e-02,-5.080582e-02,8.037540e-02,0.000000e+00,
908,-4.431595e-03,2.488997e-02,-2.865535e-02,1.824250e-02,7.277168e-03,-1.697750e-02,0.000000e+00,1.506836e-02,-1.327742e-02,1.052023e-02,-5.061924e-02,7.998452e-02,0.000000e+00,
909,-4.574018e-03,2.569857e-02,-2.963797e-02,1.888864e-02,7.191181e-03,-1.684833e-02,0.000000e+00,1.489974e-02,-1.315761e-02,1.044281e-02,-5.043300e-02,7.959555e-02,0.000000e+00,
910,-4.715481e-03,2.650349e-02,-3.061740e-02,1.953287e-02,7.098139e-03,-1.670467e-02,0.000000e+00,1.471817e-02,-1.303469e-02,1.036517e-02,-5.024725e-02,7.920854e-02,0.000000e+00,
911,-4.855991e-03,2.730475e-02,-3.159381e-02,2.017545e-02,6.996898e-03,-1.654450e-02,0.000000e+00,1.452192e-02,-1.290822e-02,1.028723e-02,-5.006190e-02,7.882345e-02,0.000000e+00,
912,-4.995610e-03,2.810243e-02,-3.256720e-02,2.081637e-02,6.887483e-03,-1.636786e-02,0.000000e+00,1.431105e-02,-1.277821e-02,1.020901e-02,-4.987695e-02,7.844028e-02,0.000000e+00,
913,-5.134421e-03,2.889664e-02,-3.353759e-02,2.145562e-02,6.770169e-03,-1.617530e-02,0.000000e+00,1.408605e-02,-1.264477e-02,1.013044e-02,-4.969228e-02,7.805900e-02,0.000000e+00,
914,-5.271983e-03,2.968476e-02,-3.450149e-02,2.209096e-02,6.647218e-03,-1.597140e-02,0.000000e+00,1.385117e-02,-1.250909e-02,1.005183e-02,-4.950806e-02,7.767963e-02,0.000000e+00,
915,-5.408386e-03,3.046690e-02,-3.545884e-02,2.272228e-02,6.520269e-03,-1.575939e-02,0.000000e+00,1.360931e-02,-1.237185e-02,9.973209e-03,-4.932426e-02,7.730215e-02,0.000000e+00,
916,-5.543719e-03,3.124361e-02,-3.641031e-02,2.335002e-02,6.388258e-03,-1.553699e-02,0.000000e+00,1.335822e-02,-1.223241e-02,9.894515e-03,-4.914091e-02,7.692654e-02,0.000000e+00,
917,-5.678506e-03,3.201568e-02,-3.735600e-02,2.397411e-02,6.254545e-03,-1.531115e-02,0.000000e+00,1.310433e-02,-1.209256e-02,9.816027e-03,-4.895827e-02,7.655280e-02,0.000000e+00,
918,-5.812732e-03,3.278306e-02,-3.829567e-02,2.459441e-02,6.121048e-03,-1.508574e-02,0.000000e+00,1.285116e-02,-1.195327e-02,9.737963e-03,-4.877662e-02,7.618095e-02,0.000000e+00,
919,-5.946261e-03,3.354535e-02,-3.922895e-02,2.521062e-02,5.988060e-03,-1.486117e-02,0.000000e+00,1.259891e-02,-1.181447e-02,9.660256e-03,-4.859583e-02,7.581096e-02,0.000000e+00,
920,-6.078972e-03,3.430240e-02,-4.015594e-02,2.582286e-02,5.853991e-03,-1.463425e-02,0.000000e+00,1.234472e-02,-1.167541e-02,9.582789e-03,-4.841579e-02,7.544284e-02,0.000000e+00,
921,-6.210716e-03,3.505360e-02,-4.107592e-02,2.643071e-02,5.719944e-03,-1.440738e-02,0.000000e+00,1.209095e-02,-1.153680e-02,9.505639e-03,-4.823644e-02,7.507656e-02,0.000000e+00,
922,-6.340867e-03,3.579775e-02,-4.198830e-02,2.703390e-02,5.584103e-03,-1.417691e-02,0.000000e+00,1.183438e-02,-1.139780e-02,9.428686e-03,-4.805763e-02,7.471211e-02,0.000000e+00,
923,-6.469340e-03,3.653425e-02,-4.289224e-02,2.763191e-02,5.448447e-03,-1.394707e-02,0.000000e+00,1.157903e-02,-1.125961e-02,9.352153e-03,-4.787951e-02,7.434949e-02,0.000000e+00,
924,-6.596693e-03,3.726585e-02,-4.379108e-02,2.822695e-02,5.312150e-03,-1.371661e-02,0.000000e+00,1.132406e-02,-1.112219e-02,9.275997e-03,-4.770213e-02,7.398867e-02,0.000000e+00,
925,-6.722920e-03,3.799244e-02,-4.468471e-02,2.881896e-02,5.175073e-03,-1.348532e-02,0.000000e+00,1.106933e-02,-1.098558e-02,9.200305e-03,-4.752564e-02,7.362966e-02,0.000000e+00,
926,-6.847983e-03,3.871403e-02,-4.557338e-02,2.940812e-02,5.034658e-03,-1.324780e-02,0.000000e+00,1.080974e-02,-1.084830e-02,9.124820e-03,-4.734982e-02,7.327245e-02,0.000000e+00,
927,-6.971891e-03,3.943056e-02,-4.645704e-02,2.999441e-02,4.890807e-03,-1.300390e-02,0.000000e+00,1.054525e-02,-1.071042e-02,9.049636e-03,-4.717485e-02,7.291704e-02,0.000000e+00,
928,-7.094618e-03,4.014213e-02,-4.733609e-02,3.057815e-02,4.740887e-03,-1.274836e-02,0.000000e+00,1.027109e-02,-1.057071e-02,8.974566e-03,-4.700055e-02,7.256344e-02,0.000000e+00,
929,-7.215152e-03,4.084368e-02,-4.820446e-02,3.115546e-02,4.585251e-03,-1.248155e-02,0.000000e+00,9.987609e-03,-1.042916e-02,8.899687e-03,-4.682673e-02,7.221164e-02,0.000000e+00,
930,-7.333437e-03,4.153520e-02,-4.906243e-02,3.172652e-02,4.421099e-03,-1.219753e-02,0.000000e+00,9.689136e-03,-1.028407e-02,8.824617e-03,-4.665295e-02,7.186161e-02,0.000000e+00,
931,-7.449457e-03,4.221614e-02,-4.990888e-02,3.229040e-02,4.252603e-03,-1.190461e-02,0.000000e+00,9.383426e-03,-1.013778e-02,8.749939e-03,-4.647982e-02,7.151339e-02,0.000000e+00,
932,-7.563144e-03,4.288619e-02,-5.074348e-02,3.284690e-02,4.079577e-03,-1.160241e-02,0.000000e+00,9.070129e-03,-9.990141e-03,8.675541e-03,-4.630707e-02,7.116692e-02,0.000000e+00,
933,-7.674397e-03,4.354496e-02,-5.156581e-02,3.339574e-02,3.901942e-03,-1.129078e-02,0.000000e+00,8.749198e-03,-9.841216e-03,8.601437e-03,-4.613459e-02,7.082219e-02,0.000000e+00,
934,-7.782992e-03,4.419117e-02,-5.237413e-02,3.393558e-02,3.721575e-03,-1.097299e-02,0.000000e+00,8.423441e-03,-9.691686e-03,8.527748e-03,-4.596239e-02,7.047917e-02,0.000000e+00,
935,-7.887646e-03,4.481829e-02,-5.316045e-02,3.446132e-02,3.541637e-03,-1.065537e-02,0.000000e+00,8.098927e-03,-9.543361e-03,8.454985e-03,-4.579061e-02,7.013792e-02,0.000000e+00,
936,-7.988261e-03,4.542590e-02,-5.392427e-02,3.497261e-02,3.362111e-03,-1.033774e-02,0.000000e+00,7.775436e-03,-9.396009e-03,8.382917e-03,-4.561883e-02,6.979837e-02,0.000000e+00,
937,-8.083451e-03,4.600693e-02,-5.465692e-02,3.546362e-02,3.185630e-03,-1.002444e-02,0.000000e+00,7.456692e-03,-9.250447e-03,8.311776e-03,-4.544690e-02,6.946055e-02,0.000000e+00,
938,-8.171754e-03,4.655354e-02,-5.534831e-02,3.592749e-02,3.019135e-03,-9.728434e-03,0.000000e+00,7.154246e-03,-9.109583e-03,8.242160e-03,-4.527494e-02,6.912448e-02,0.000000e+00,
939,-8.253610e-03,4.706822e-02,-5.600203e-02,3.636708e-02,2.862403e-03,-9.450116e-03,0.000000e+00,6.868731e-03,-8.973947e-03,8.174361e-03,-4.510353e-02,6.879019e-02,0.000000e+00,
940,-8.328699e-03,4.754909e-02,-5.661554e-02,3.678043e-02,2.717651e-03,-9.193221e-03,0.000000e+00,6.603297e-03,-8.844162e-03,8.108391e-03,-4.493255e-02,6.845768e-02,0.000000e+00,
941,-8.394835e-03,4.799002e-02,-5.718375e-02,3.716501e-02,2.585118e-03,-8.958633e-03,0.000000e+00,6.358928e-03,-8.720618e-03,8.044522e-03,-4.476202e-02,6.812695e-02,0.000000e+00,
942,-8.451709e-03,4.838894e-02,-5.770367e-02,3.751879e-02,2.469779e-03,-8.756266e-03,0.000000e+00,6.144692e-03,-8.605863e-03,7.983316e-03,-4.459233e-02,6.779802e-02,0.000000e+00,
943,-8.501854e-03,4.875405e-02,-5.818346e-02,3.784687e-02,2.364721e-03,-8.572983e-03,0.000000e+00,5.948942e-03,-8.497019e-03,7.924208e-03,-4.442328e-02,6.747085e-02,0.000000e+00,
944,-8.545877e-03,4.908788e-02,-5.862548e-02,3.815017e-02,2.269999e-03,-8.408378e-03,0.000000e+00,5.771202e-03,-8.393878e-03,7.866994e-03,-4.425461e-02,6.714536e-02,0.000000e+00,
945,-8.585250e-03,4.939788e-02,-5.903894e-02,3.843494e-02,2.182486e-03,-8.257333e-03,0.000000e+00,5.607204e-03,-8.295682e-03,7.811563e-03,-4.408658e-02,6.682153e-02,0.000000e+00,
946,-8.625549e-03,4.970269e-02,-5.944250e-02,3.871276e-02,2.098546e-03,-8.113913e-03,0.000000e+00,5.451866e-03,-8.201431e-03,7.757475e-03,-4.391958e-02,6.649926e-02,0.000000e+00,
947,-8.666973e-03,5.000359e-02,-5.983807e-02,3.898496e-02,2.013463e-03,-7.968666e-03,0.000000e+00,5.296605e-03,-8.108839e-03,7.704339e-03,-4.375334e-02,6.617854e-02,0.000000e+00,
948,-8.710253e-03,5.030461e-02,-6.023088e-02,3.925515e-02,1.928850e-03,-7.825140e-03,0.000000e+00,5.144535e-03,-8.018743e-03,7.652203e-03,-4.358814e-02,6.585935e-02,0.000000e+00,
949,-8.755459e-03,5.060607e-02,-6.062131e-02,3.952360e-02,1.844561e-03,-7.683079e-03,0.000000e+00,4.995395e-03,-7.931045e-03,7.601037e-03,-4.342398e-02,6.554168e-02,0.000000e+00,
950,-8.803371e-03,5.091190e-02,-6.101425e-02,3.979363e-02,1.762225e-03,-7.546023e-03,0.000000e+00,4.852289e-03,-7.846577e-03,7.550894e-03,-4.326112e-02,6.522550e-02,0.000000e+00,
951,-8.849316e-03,5.120299e-02,-6.138821e-02,4.005110e-02,1.686045e-03,-7.420208e-03,0.000000e+00,4.720390e-03,-7.766241e-03,7.502203e-03,-4.309909e-02,6.491091e-02,0.000000e+00,
952,-8.894779e-03,5.148681e-02,-6.175214e-02,4.030176e-02,1.615306e-03,-7.304769e-03,0.000000e+00,4.599010e-03,-7.690053e-03,7.454950e-03,-4.293836e-02,6.459787e-02,0.000000e+00,
953,-8.937967e-03,5.175889e-02,-6.210267e-02,4.054372e-02,1.548034e-03,-7.195657e-03,0.000000e+00,4.484494e-03,-7.616861e-03,7.408895e-03,-4.277849e-02,6.428636e-02,0.000000e+00,
954,-8.977603e-03,5.201694e-02,-6.243856e-02,4.077634e-02,1.484207e-03,-7.092828e-03,0.000000e+00,4.376803e-03,-7.546618e-03,7.364047e-03,-4.261937e-02,6.397637e-02,0.000000e+00,
955,-9.011620e-03,5.225048e-02,-6.274671e-02,4.099073e-02,1.425256e-03,-6.997851e-03,0.000000e+00,4.277149e-03,-7.479397e-03,7.320580e-03,-4.246060e-02,6.366791e-02,0.000000e+00,
956,-9.041318e-03,5.246604e-02,-6.303498e-02,4.119190e-02,1.370407e-03,-6.909577e-03,0.000000e+00,4.184490e-03,-7.414909e-03,7.278230e-03,-4.230221e-02,6.336095e-02,0.000000e+00,
957,-9.064020e-03,5.265438e-02,-6.329384e-02,4.137389e-02,1.320261e-03,-6.828688e-03,0.000000e+00,4.099342e-03,-7.353055e-03,7.237003e-03,-4.214367e-02,6.305547e-02,0.000000e+00,
958,-9.080724e-03,5.281595e-02,-6.352139e-02,4.153474e-02,1.277394e-03,-6.759534e-03,0.000000e+00,4.025414e-03,-7.294733e-03,7.197051e-03,-4.198509e-02,6.275148e-02,0.000000e+00,
959,-9.093698e-03,5.295393e-02,-6.371795e-02,4.167400e-02,1.241379e-03,-6.700788e-03,0.000000e+00,3.961155e-03,-7.239249e-03,7.158133e-03,-4.182634e-02,6.244899e-02,0.000000e+00,
960,-9.105996e-03,5.307956e-02,-6.389546e-02,4.179938e-02,1.211123e-03,-6.651301e-03,0.000000e+00,3.905673e-03,-7.186577e-03,7.120069e-03,-4.166778e-02,6.214792e-02,0.000000e+00,
961,-9.117676e-03,5.319331e-02,-6.405473e-02,4.191170e-02,1.184410e-03,-6.607182e-03,0.000000e+00,3.855617e-03,-7.135885e-03,7.082715e-03,-4.150926e-02,6.184825e-02,0.000000e+00,
962,-9.131435e-03,5.330471e-02,-6.420598e-02,4.201763e-02,1.158240e-03,-6.563396e-03,0.000000e+00,3.806589e-03,-7.086080e-03,7.045644e-03,-4.135080e-02,6.154992e-02,0.000000e+00,
963,-9.146315e-03,5.341283e-02,-6.434979e-02,4.211795e-02,1.135681e-03,-6.526406e-03,0.000000e+00,3.764474e-03,-7.038724e-03,7.009101e-03,-4.119263e-02,6.125292e-02,0.000000e+00,
964,-9.161417e-03,5.351723e-02,-6.448763e-02,4.221409e-02,1.116907e-03,-6.497038e-03,0.000000e+00,3.730270e-03,-6.994239e-03,6.973137e-03,-4.103478e-02,6.095723e-02,0.000000e+00,
965,-9.175115e-03,5.361365e-02,-6.461589e-02,4.230368e-02,1.102068e-03,-6.475003e-03,0.000000e+00,3.703539e-03,-6.952265e-03,6.937644e-03,-4.087695e-02,6.066283e-02,0.000000e+00,
966,-9.187431e-03,5.370199e-02,-6.473413e-02,4.238618e-02,1.093314e-03,-6.464147e-03,0.000000e+00,3.687624e-03,-6.913722e-03,6.902855e-03,-4.071936e-02,6.036973e-02,0.000000e+00,
967,-9.198419e-03,5.378248e-02,-6.484262e-02,4.246173e-02,1.090780e-03,-6.464719e-03,0.000000e+00,3.682709e-03,-6.878636e-03,6.868769e-03,-4.056199e-02,6.007790e-02,0.000000e+00,
968,-9.210051e-03,5.386186e-02,-6.494808e-02,4.253440e-02,1.090649e-03,-6.469277e-03,0.000000e+00,3.682087e-03,-6.845373e-03,6.835116e-03,-4.040500e-02,5.978734e-02,0.000000e+00,
969,-9.222370e-03,5.394061e-02,-6.505135e-02,4.260498e-02,1.091043e-03,-6.474541e-03,0.000000e+00,3.682922e-03,-6.813225e-03,6.801776e-03,-4.024827e-02,5.949801e-02,0.000000e+00,
970,-9.235418e-03,5.401917e-02,-6.515320e-02,4.267422e-02,1.090129e-03,-6.477306e-03,0.000000e+00,3.682449e-03,-6.781509e-03,6.768642e-03,-4.009176e-02,5.920992e-02,0.000000e+00,
971,-9.249277e-03,5.409837e-02,-6.525508e-02,4.274329e-02,1.083621e-03,-6.469102e-03,0.000000e+00,3.672802e-03,-6.747912e-03,6.735223e-03,-3.993507e-02,5.892304e-02,0.000000e+00,
972,-9.263997e-03,5.417842e-02,-6.535723e-02,4.281233e-02,1.071644e-03,-6.450159e-03,0.000000e+00,3.654150e-03,-6.712458e-03,6.701518e-03,-3.977820e-02,5.863735e-02,0.000000e+00,
973,-9.276822e-03,5.424947e-02,-6.544993e-02,4.287571e-02,1.051116e-03,-6.413983e-03,0.000000e+00,3.620444e-03,-6.673293e-03,6.667350e-03,-3.962050e-02,5.835285e-02,0.000000e+00,
974,-9.287836e-03,5.431167e-02,-6.553311e-02,4.293315e-02,1.023625e-03,-6.363366e-03,0.000000e+00,3.574035e-03,-6.630968e-03,6.632804e-03,-3.946205e-02,5.806955e-02,0.000000e+00,
975,-9.296377e-03,5.436156e-02,-6.560245e-02,4.298182e-02,9.900889e-04,-6.299644e-03,0.000000e+00,3.515832e-03,-6.585499e-03,6.597925e-03,-3.930275e-02,5.778745e-02,0.000000e+00,
976,-9.302533e-03,5.439913e-02,-6.565749e-02,4.302123e-02,9.543730e-04,-6.230524e-03,0.000000e+00,3.452909e-03,-6.538848e-03,6.563046e-03,-3.914289e-02,5.750656e-02,0.000000e+00,
977,-9.306365e-03,5.442471e-02,-6.569857e-02,4.305161e-02,9.167156e-04,-6.156458e-03,0.000000e+00,3.385620e-03,-6.491082e-03,6.528170e-03,-3.898250e-02,5.722686e-02,0.000000e+00,
978,-9.308116e-03,5.443926e-02,-6.572647e-02,4.307326e-02,8.804285e-04,-6.084079e-03,0.000000e+00,3.320020e-03,-6.443807e-03,6.493477e-03,-3.882174e-02,5.694834e-02,0.000000e+00,
979,-9.307804e-03,5.444316e-02,-6.574185e-02,4.308681e-02,8.442638e-04,-6.011230e-03,0.000000e+00,3.254247e-03,-6.396558e-03,6.458880e-03,-3.866052e-02,5.667096e-02,0.000000e+00,
980,-9.306170e-03,5.444033e-02,-6.574951e-02,4.309538e-02,8.076369e-04,-5.937213e-03,0.000000e+00,3.187900e-03,-6.349415e-03,6.424337e-03,-3.849896e-02,5.639470e-02,0.000000e+00,
981,-9.303126e-03,5.443061e-02,-6.574937e-02,4.309894e-02,7.706062e-04,-5.862161e-03,0.000000e+00,3.121116e-03,-6.302419e-03,6.389849e-03,-3.833704e-02,5.611953e-02,0.000000e+00,
982,-9.297700e-03,5.440952e-02,-6.573621e-02,4.309417e-02,7.335303e-04,-5.786540e-03,0.000000e+00,3.054324e-03,-6.255630e-03,6.355495e-03,-3.817459e-02,5.584547e-02,0.000000e+00,
983,-9.289475e-03,5.437530e-02,-6.570801e-02,4.307976e-02,6.968406e-04,-5.711116e-03,0.000000e+00,2.988295e-03,-6.209356e-03,6.321430e-03,-3.801167e-02,5.557254e-02,0.000000e+00,
984,-9.277286e-03,5.432221e-02,-6.565785e-02,4.305108e-02,6.624402e-04,-5.638991e-03,0.000000e+00,2.925722e-03,-6.164197e-03,6.287831e-03,-3.784813e-02,5.530074e-02,0.000000e+00,
985,-9.262804e-03,5.425519e-02,-6.558988e-02,4.301023e-02,6.314785e-04,-5.572227e-03,0.000000e+00,2.868410e-03,-6.120683e-03,6.254698e-03,-3.768413e-02,5.503005e-02,0.000000e+00,
986,-9.245012e-03,5.416920e-02,-6.549822e-02,4.295339e-02,6.022006e-04,-5.506568e-03,0.000000e+00,2.812193e-03,-6.077460e-03,6.221870e-03,-3.751927e-02,5.476046e-02,0.000000e+00,
987,-9.223887e-03,5.406371e-02,-6.538211e-02,4.288006e-02,5.744815e-04,-5.441719e-03,0.000000e+00,2.756800e-03,-6.034438e-03,6.189337e-03,-3.735347e-02,5.449196e-02,0.000000e+00,
988,-9.200523e-03,5.394362e-02,-6.524723e-02,4.279400e-02,5.486677e-04,-5.379053e-03,0.000000e+00,2.703573e-03,-5.991985e-03,6.156989e-03,-3.718684e-02,5.422451e-02,0.000000e+00,
989,-9.175231e-03,5.381051e-02,-6.509572e-02,4.269680e-02,5.210924e-04,-5.311407e-03,0.000000e+00,2.645908e-03,-5.948257e-03,6.124488e-03,-3.701914e-02,5.395805e-02,0.000000e+00,
990,-9.146363e-03,5.365940e-02,-6.492335e-02,4.258630e-02,4.904575e-04,-5.236424e-03,0.000000e+00,2.581742e-03,-5.902654e-03,6.091816e-03,-3.685016e-02,5.369260e-02,0.000000e+00,
991,-9.115002e-03,5.349558e-02,-6.473638e-02,4.246673e-02,4.572528e-04,-5.156139e-03,0.000000e+00,2.513355e-03,-5.856123e-03,6.059116e-03,-3.668028e-02,5.342813e-02,0.000000e+00,
992,-9.081469e-03,5.332028e-02,-6.453585e-02,4.233853e-02,4.248195e-04,-5.077029e-03,0.000000e+00,2.446466e-03,-5.810134e-03,6.026595e-03,-3.650971e-02,5.316462e-02,0.000000e+00,
993,-9.045797e-03,5.313401e-02,-6.432264e-02,4.220231e-02,3.908760e-04,-4.994479e-03,0.000000e+00,2.376856e-03,-5.763550e-03,5.994061e-03,-3.633831e-02,5.290204e-02,0.000000e+00,
994,-9.008079e-03,5.293727e-02,-6.409719e-02,4.205837e-02,3.575354e-04,-4.913019e-03,0.000000e+00,2.308839e-03,-5.717646e-03,5.961717e-03,-3.616624e-02,5.264039e-02,0.000000e+00,
995,-8.968193e-03,5.273005e-02,-6.385985e-02,4.190694e-02,3.227372e-04,-4.828286e-03,0.000000e+00,2.238292e-03,-5.671288e-03,5.929430e-03,-3.599338e-02,5.237963e-02,0.000000e+00,
996,-8.925103e-03,5.250713e-02,-6.360403e-02,4.174355e-02,2.910916e-04,-4.748887e-03,0.000000e+00,2.172841e-03,-5.626306e-03,5.897498e-03,-3.581970e-02,5.211978e-02,0.000000e+00,
997,-8.879332e-03,5.227164e-02,-6.333382e-02,4.157085e-02,2.604278e-04,-4.670628e-03,0.000000e+00,2.108758e-03,-5.581787e-03,5.865705e-03,-3.564508e-02,5.186078e-02,0.000000e+00,
998,-8.832494e-03,5.202827e-02,-6.305305e-02,4.139093e-02,2.333894e-04,-4.599038e-03,0.000000e+00,2.051146e-03,-5.539197e-03,5.834205e-03,-3.546979e-02,5.160259e-02,0.000000e+00,
999,-8.785133e-03,5.177945e-02,-6.276435e-02,4.120520e-02,2.125852e-04,-4.539189e-03,0.000000e+00,2.004579e-03,-5.499838e-03,5.803217e-03,-3.529432e-02,5.134530e-02,0.000000e+00,
1000,-8.737502e-03,5.152443e-02,-6.246552e-02,4.101186e-02,2.042308e-04,-4.503331e-03,0.000000e+00,1.980247e-03,-5.466724e-03,5.773227e-03,-3.511920e-02,5.108901e-02,0.000000e+00,
